theta,m,t,delta,set
0.30000000000000004,0,2.0203104671734664,0.0,train
0.10000000000000009,0,2.8945860110109622,0.0,train
0.10000000000000009,0,3.4940367116248954,0.0,train
0.30000000000000004,0,5.239620996164544,0.0,train
0.19999999999999996,0,5.485013381781277,0.0,train
0.4,1,1.2969423197978658,0.0,train
0.4,0,1.429833158570525,0.0,train
0.04999999999999993,0,5.71420018099209,0.0,train
0.04999999999999993,0,2.612756199055943,0.0,train
0.04999999999999993,0,0.45758319221381605,0.0,train
0.04999999999999993,0,5.892544654266305,0.0,train
0.04999999999999993,0,1.5708036974944701,0.0,train
0.10000000000000009,0,3.2336536246935577,0.0,train
0.10000000000000009,0,1.0867818022237783,0.0,train
0.04999999999999993,0,5.409568894967043,0.0,train
0.04999999999999993,0,0.43521941093056893,0.0,train
0.10000000000000009,0,4.365745558462121,0.0,train
0.10000000000000009,1,0.7391489796361704,1.0,train
0.30000000000000004,1,0.007503636442160363,1.0,train
0.10000000000000009,0,3.880857842273944,0.0,train
0.10000000000000009,0,4.476605954588589,0.0,train
0.04999999999999993,0,5.575779531472652,0.0,train
0.04999999999999993,0,4.460355861272232,0.0,train
0.04999999999999993,0,3.0084640999469716,0.0,train
0.30000000000000004,0,1.7123733093489453,0.0,train
0.19999999999999996,0,3.460148151642655,0.0,train
0.10000000000000009,0,3.8594441336065177,0.0,train
0.04999999999999993,1,0.028868569052593,1.0,train
0.19999999999999996,0,2.7756744648665816,0.0,train
0.4,0,5.4502285871191125,0.0,train
0.30000000000000004,4,0.5714239533383971,1.0,train
0.30000000000000004,0,5.227981637290762,0.0,train
0.30000000000000004,0,0.6241549889686351,0.0,train
0.19999999999999996,0,0.5568826403434244,0.0,train
0.19999999999999996,0,3.2983683108536326,0.0,train
0.30000000000000004,0,4.385472226668391,0.0,train
0.30000000000000004,0,0.5283456938260966,0.0,train
0.04999999999999993,0,5.1749409144577445,0.0,train
0.30000000000000004,1,0.27961683423872463,1.0,train
0.4,3,0.316993030449326,1.0,train
0.04999999999999993,0,5.740508892605866,0.0,train
0.30000000000000004,0,0.33239973612680074,0.0,train
0.19999999999999996,0,3.274448734519663,0.0,train
0.04999999999999993,0,5.797837391000947,0.0,train
0.04999999999999993,0,1.9769149235345809,0.0,train
0.10000000000000009,0,5.743992720185728,0.0,train
0.30000000000000004,0,2.9800241314256333,0.0,train
0.19999999999999996,0,3.9668001708908895,0.0,train
0.4,4,0.5650460051732614,1.0,train
0.10000000000000009,0,3.8550898480827893,0.0,train
0.04999999999999993,0,5.21116324753757,0.0,train
0.30000000000000004,0,3.6020333555302617,0.0,train
0.4,0,3.438921887358415,0.0,train
0.10000000000000009,0,3.374236624281985,0.0,train
0.19999999999999996,0,5.205813713356952,0.0,train
0.04999999999999993,0,4.419983325039666,0.0,train
0.30000000000000004,0,1.7538594622464327,0.0,train
0.4,0,5.9333394762380625,0.0,train
0.4,1,0.00643616952611489,1.0,train
0.10000000000000009,0,5.606766475144626,0.0,train
0.10000000000000009,0,3.845933125328898,0.0,train
0.19999999999999996,0,2.2315570823399256,0.0,train
0.19999999999999996,3,0.03363832255058957,1.0,train
0.10000000000000009,0,1.0389504603125006,0.0,train
0.10000000000000009,0,1.334615535862604,0.0,train
0.04999999999999993,0,0.05779009599256213,0.0,train
0.4,0,0.9811700347782832,0.0,train
0.10000000000000009,0,5.062330711539847,0.0,train
0.30000000000000004,0,3.245696446206024,0.0,train
0.4,0,0.2858067554002137,0.0,train
0.04999999999999993,0,5.007631802005438,0.0,train
0.04999999999999993,1,1.0881939169726236,1.0,train
0.30000000000000004,0,1.7110605284139297,0.0,train
0.4,0,2.6454799512173257,0.0,train
0.4,1,0.7907043197307579,0.0,train
0.19999999999999996,0,3.429450024611784,0.0,train
0.19999999999999996,0,4.194147552791318,0.0,train
0.10000000000000009,0,3.8096386026388966,0.0,train
0.19999999999999996,0,1.2608366032508247,0.0,train
0.10000000000000009,0,5.615092289359813,0.0,train
0.19999999999999996,1,2.7086432945853796,0.0,train
0.4,0,3.0140623295947813,0.0,train
0.10000000000000009,0,0.4487421674898917,0.0,train
0.04999999999999993,0,5.901172486384837,0.0,train
0.10000000000000009,0,0.3465273564990752,0.0,train
0.04999999999999993,0,3.463280719026776,0.0,train
0.19999999999999996,0,3.7849464067785084,0.0,train
0.10000000000000009,0,0.7556060408229612,0.0,train
0.19999999999999996,0,3.8064044655678915,0.0,train
0.4,0,3.4335350339262223,0.0,train
0.30000000000000004,0,1.6961700720815496,0.0,train
0.30000000000000004,0,4.803570708493948,0.0,train
0.4,0,0.7527266665890626,0.0,train
0.30000000000000004,0,3.9529941216066486,0.0,train
0.30000000000000004,0,3.278467589293406,0.0,train
0.19999999999999996,0,4.232969287310355,0.0,train
0.4,2,0.9381266887889538,1.0,train
0.30000000000000004,0,2.7133343854458234,0.0,train
0.10000000000000009,0,0.15080913314829236,0.0,train
0.4,19,0.05116360782357237,1.0,train
0.19999999999999996,0,4.36085515927136,0.0,train
0.10000000000000009,0,4.031657322678256,0.0,train
0.04999999999999993,0,1.9966639402806754,0.0,train
0.10000000000000009,0,0.04932101856199145,0.0,train
0.10000000000000009,0,4.194355122609337,0.0,train
0.19999999999999996,0,1.1612861137104777,0.0,train
0.4,5,0.33842309432449275,1.0,train
0.19999999999999996,0,2.9647113409514905,0.0,train
0.30000000000000004,0,2.6794607279099605,0.0,train
0.04999999999999993,0,5.722416571222213,0.0,train
0.4,1,0.20737089284615767,1.0,train
0.4,0,0.32348336804339173,0.0,train
0.19999999999999996,3,0.0462237679760785,1.0,train
0.4,0,0.6544875141920004,0.0,train
0.04999999999999993,0,3.6676384506547066,0.0,train
0.4,3,0.3705362844690293,1.0,train
0.19999999999999996,0,2.188471746101605,0.0,train
0.4,0,4.920828539234019,0.0,train
0.04999999999999993,0,4.609849391457316,0.0,train
0.4,0,2.0217785633453333,0.0,train
0.4,0,4.39749877710206,0.0,train
0.04999999999999993,0,1.8606510979036386,0.0,train
0.4,2,0.19057719675046036,1.0,train
0.10000000000000009,1,0.5574807247101881,1.0,train
0.19999999999999996,0,5.264243290508416,0.0,train
0.30000000000000004,0,2.813760994548637,0.0,train
0.04999999999999993,0,1.048667307781187,0.0,train
0.30000000000000004,0,5.469093420876114,0.0,train
0.19999999999999996,0,4.7002273277762034,0.0,train
0.4,0,3.9654725373473796,0.0,train
0.10000000000000009,0,3.3112623167689703,0.0,train
0.04999999999999993,0,0.4879747199383482,0.0,train
0.4,0,0.37102035917950404,0.0,train
0.04999999999999993,0,3.8393162239939027,0.0,train
0.04999999999999993,1,2.8131372921294573,1.0,train
0.30000000000000004,0,3.9355053609281105,0.0,train
0.04999999999999993,0,0.5147528353691377,0.0,train
0.10000000000000009,1,0.18039294707891607,1.0,train
0.19999999999999996,0,0.8249972942794348,0.0,train
0.04999999999999993,0,5.91244952584365,0.0,train
0.30000000000000004,0,5.709330005984486,0.0,train
0.4,0,5.7324989913744036,0.0,train
0.10000000000000009,1,0.17767445298082696,1.0,train
0.30000000000000004,0,2.621000996576714,0.0,train
0.30000000000000004,0,1.865619073714223,0.0,train
0.04999999999999993,0,1.1876473721191338,0.0,train
0.19999999999999996,0,2.6840677105993915,0.0,train
0.30000000000000004,2,0.4775596773790276,1.0,train
0.04999999999999993,1,0.8567581021412001,1.0,train
0.10000000000000009,0,0.3743994404261155,0.0,train
0.30000000000000004,0,3.16840709471872,0.0,train
0.30000000000000004,0,3.4580199688895275,0.0,train
0.04999999999999993,0,4.340705406683888,0.0,train
0.19999999999999996,0,3.176356129838569,0.0,train
0.30000000000000004,0,2.2809214235738082,0.0,train
0.30000000000000004,2,0.444675695909764,1.0,train
0.30000000000000004,1,0.14639929731383802,1.0,train
0.4,0,5.2732757356842095,0.0,train
0.19999999999999996,0,1.9088763732616165,0.0,train
0.10000000000000009,0,0.7983624854898543,0.0,train
0.04999999999999993,0,0.438466798230851,0.0,train
0.10000000000000009,0,3.5842670760625106,0.0,train
0.19999999999999996,0,1.8421984033165468,0.0,train
0.04999999999999993,0,3.031963578725983,0.0,train
0.04999999999999993,0,3.5755758234842885,0.0,train
0.30000000000000004,0,3.1729811997523876,0.0,train
0.4,0,3.345846953069631,0.0,train
0.4,0,4.0444006915365645,0.0,train
0.19999999999999996,0,3.9554181982434677,0.0,train
0.30000000000000004,0,4.853507356964599,0.0,train
0.4,0,4.1601558248559485,0.0,train
0.30000000000000004,2,0.30162906727570715,1.0,train
0.19999999999999996,0,3.6739441370573864,0.0,train
0.04999999999999993,0,1.4506331113042532,0.0,train
0.19999999999999996,0,2.00123037436089,0.0,train
0.04999999999999993,0,4.258076202840785,0.0,train
0.4,0,5.363194400298595,0.0,train
0.04999999999999993,0,3.321868181099523,0.0,train
0.4,0,1.456658211375536,0.0,train
0.30000000000000004,0,4.798391817431597,0.0,train
0.19999999999999996,0,5.257294994180533,0.0,train
0.4,17,0.06992372468792753,1.0,train
0.4,3,0.3503093115310698,1.0,train
0.10000000000000009,0,5.919685519814867,0.0,train
0.10000000000000009,2,0.1272063748567241,1.0,train
0.30000000000000004,0,2.9734203011768576,0.0,train
0.4,0,5.119116551140409,0.0,train
0.04999999999999993,0,4.055422430937191,0.0,train
0.19999999999999996,0,2.9850827690936432,0.0,train
0.30000000000000004,0,4.977416792832342,0.0,train
0.10000000000000009,0,0.7239365497657981,0.0,train
0.4,7,0.010929711404003077,1.0,train
0.19999999999999996,0,1.0477901149063689,0.0,train
0.04999999999999993,0,3.883359500316266,0.0,train
0.04999999999999993,0,4.433178964950516,0.0,train
0.19999999999999996,0,4.613578751081572,0.0,train
0.30000000000000004,1,2.0624082440333487,1.0,train
0.4,17,0.02225931585618189,1.0,train
0.10000000000000009,0,1.2889285232868863,0.0,train
0.4,2,0.34530543125393265,1.0,train
0.19999999999999996,0,5.2536581658837775,0.0,train
0.4,0,3.5737209354254467,0.0,train
0.30000000000000004,0,4.305670238363115,0.0,train
0.19999999999999996,0,3.444166961405134,0.0,train
0.30000000000000004,0,1.5353064612425038,0.0,train
0.30000000000000004,0,4.958906783472494,0.0,train
0.10000000000000009,0,0.36271145083098144,0.0,train
0.30000000000000004,0,0.4358903794965794,0.0,train
0.19999999999999996,0,5.955521611906643,0.0,train
0.4,12,0.21848536522445486,1.0,train
0.30000000000000004,5,0.18359983178212988,1.0,train
0.10000000000000009,0,3.5573520046981244,0.0,train
0.4,0,0.007498061240100551,0.0,train
0.19999999999999996,0,3.2565239417017953,0.0,train
0.4,0,5.496564472118741,0.0,train
0.19999999999999996,0,2.421720706326415,0.0,train
0.4,0,1.523110248338781,0.0,train
0.19999999999999996,0,1.524511374098842,0.0,train
0.4,13,0.11065282956281716,1.0,train
0.04999999999999993,0,4.852850107110096,0.0,train
0.4,0,3.6534547447185703,0.0,train
0.10000000000000009,0,0.44289294335149765,0.0,train
0.10000000000000009,0,2.1613168608359663,0.0,train
0.04999999999999993,0,3.414415966979593,0.0,train
0.10000000000000009,0,3.4499608551583245,0.0,train
0.19999999999999996,0,2.979739355140472,0.0,train
0.10000000000000009,0,5.017799839708736,0.0,train
0.30000000000000004,1,0.46249847000013217,1.0,train
0.04999999999999993,0,5.185097092744556,0.0,train
0.04999999999999993,0,4.317705234072394,0.0,train
0.10000000000000009,0,0.9615258796016184,0.0,train
0.19999999999999996,0,3.291920524991742,0.0,train
0.10000000000000009,0,2.6630113160038458,0.0,train
0.4,0,4.681291221715231,0.0,train
0.10000000000000009,0,4.282583896012293,0.0,train
0.10000000000000009,0,3.740989479674545,0.0,train
0.4,1,0.21345109242548954,0.0,train
0.04999999999999993,0,3.2187907730049026,0.0,train
0.04999999999999993,0,3.718542043505608,0.0,train
0.19999999999999996,0,0.23208203289787632,0.0,train
0.30000000000000004,5,0.09061059184602703,1.0,train
0.10000000000000009,1,0.027133862251945026,1.0,train
0.10000000000000009,0,0.21171494491781395,0.0,train
0.4,0,1.0383346885070543,0.0,train
0.4,1,1.4600374296383285,1.0,train
0.4,9,0.15554653111424038,1.0,train
0.4,2,0.7753341668880039,1.0,train
0.04999999999999993,0,0.7349964568226541,0.0,train
0.19999999999999996,0,4.690601293313823,0.0,train
0.10000000000000009,0,4.96565664129766,0.0,train
0.10000000000000009,0,4.153272361761422,0.0,train
0.30000000000000004,0,3.837275657909081,0.0,train
0.04999999999999993,1,0.14433024124777938,0.0,train
0.4,0,1.316502471523261,0.0,train
0.4,0,1.526843274249317,0.0,train
0.30000000000000004,0,0.42746245097093016,0.0,train
0.30000000000000004,0,3.2445449548511265,0.0,train
0.30000000000000004,0,4.638874518226028,0.0,train
0.30000000000000004,1,1.4608547002919186,1.0,train
0.10000000000000009,0,1.554615789026257,0.0,train
0.10000000000000009,0,4.522104318525821,0.0,train
0.4,14,0.06425593618007583,1.0,train
0.10000000000000009,0,4.970704260200684,0.0,train
0.19999999999999996,0,4.861600288196175,0.0,train
0.04999999999999993,0,5.124116613918421,0.0,train
0.4,78,0.009441401824675203,1.0,train
0.19999999999999996,0,1.4817360874084216,0.0,train
0.10000000000000009,0,1.195711891205703,0.0,train
0.30000000000000004,0,3.025815834719858,0.0,train
0.19999999999999996,0,0.9124709233900403,0.0,train
0.30000000000000004,0,2.6498718117980236,0.0,train
0.4,0,2.3897553467734403,0.0,train
0.30000000000000004,1,1.0626472208463953,0.0,train
0.4,0,5.833187108807803,0.0,train
0.30000000000000004,1,0.17357553662906025,1.0,train
0.4,0,0.07972622973117893,0.0,train
0.4,0,0.5669153122179531,0.0,train
0.10000000000000009,0,0.04078502345128898,0.0,train
0.10000000000000009,0,5.65670712703035,0.0,train
0.4,1,0.21578552903034698,0.0,train
0.10000000000000009,0,3.659374739958116,0.0,train
0.04999999999999993,0,0.806570603810703,0.0,train
0.10000000000000009,0,0.9589065752011925,0.0,train
0.04999999999999993,0,3.1832488486913375,0.0,train
0.30000000000000004,1,1.2639834280959885,1.0,train
0.10000000000000009,0,3.976390977391861,0.0,train
0.4,1,0.06637869586993812,1.0,train
0.10000000000000009,0,5.305729824380473,0.0,train
0.30000000000000004,0,2.810235674640829,0.0,train
0.30000000000000004,1,0.5484387167846185,0.0,train
0.19999999999999996,0,5.747511487967994,0.0,train
0.10000000000000009,0,3.5923429285740287,0.0,train
0.4,0,4.467276894235923,0.0,train
0.19999999999999996,0,5.720515694894521,0.0,train
0.19999999999999996,0,4.456999508481816,0.0,train
0.19999999999999996,0,4.305099838609632,0.0,train
0.30000000000000004,0,5.739158863824535,0.0,train
0.4,1,1.0763174651481626,1.0,train
0.30000000000000004,1,0.5115034500224515,1.0,train
0.04999999999999993,0,4.219812874059887,0.0,train
0.4,0,0.704267785356415,0.0,train
0.19999999999999996,1,1.7565965805980395,1.0,train
0.19999999999999996,0,0.505627925895056,0.0,train
0.10000000000000009,0,5.6872645917043245,0.0,train
0.04999999999999993,0,4.894116942788648,0.0,train
0.19999999999999996,0,0.021368939292988554,0.0,train
0.10000000000000009,0,2.103173659669949,0.0,train
0.04999999999999993,0,5.988650869855568,0.0,train
0.19999999999999996,0,5.435699845051115,0.0,train
0.10000000000000009,0,2.248093424833444,0.0,train
0.4,0,0.7660920476496926,0.0,train
0.04999999999999993,0,4.856399279486343,0.0,train
0.10000000000000009,0,3.1123990668880066,0.0,train
0.10000000000000009,1,0.3971143279065072,1.0,train
0.30000000000000004,0,3.984068358984057,0.0,train
0.4,0,2.8827447116914655,0.0,train
0.04999999999999993,0,5.841783606333188,0.0,train
0.4,1,0.48972633216077255,0.0,train
0.04999999999999993,0,0.34539561003255104,0.0,train
0.19999999999999996,0,2.0621775421385182,0.0,train
0.19999999999999996,0,5.973524849736842,0.0,train
0.4,0,2.8493950282756453,0.0,train
0.10000000000000009,0,0.8991646987638793,0.0,train
0.10000000000000009,0,5.708750597855991,0.0,train
0.04999999999999993,0,0.7439878555154094,0.0,train
0.04999999999999993,0,2.491854300913483,0.0,train
0.30000000000000004,0,3.7247583551515966,0.0,train
0.19999999999999996,0,2.6043957208541375,0.0,train
0.19999999999999996,2,0.030476116543822956,1.0,train
0.19999999999999996,0,2.3686400221923365,0.0,train
0.04999999999999993,0,2.9546934005116263,0.0,train
0.30000000000000004,0,1.272946212332667,0.0,train
0.30000000000000004,0,0.4881435833271188,0.0,train
0.04999999999999993,0,1.6111276783563167,0.0,train
0.10000000000000009,0,0.43848813342908977,0.0,train
0.04999999999999993,0,3.92354047167799,0.0,train
0.04999999999999993,0,4.1035042454071595,0.0,train
0.4,2,0.04720757160701269,1.0,train
0.4,0,2.598917827154536,0.0,train
0.19999999999999996,1,0.22781653651831285,1.0,train
0.30000000000000004,0,1.388604793052855,0.0,train
0.10000000000000009,0,2.23382082027969,0.0,train
0.4,0,1.267093793370965,0.0,train
0.4,0,3.9789583539566973,0.0,train
0.04999999999999993,0,1.7752165626760124,0.0,train
0.10000000000000009,0,3.743913148690666,0.0,train
0.04999999999999993,0,4.634867880608089,0.0,train
0.4,0,3.2479929383928643,0.0,train
0.19999999999999996,2,0.591162231909949,1.0,train
0.10000000000000009,0,5.702411795361016,0.0,train
0.19999999999999996,1,0.7185283656669668,0.0,train
0.04999999999999993,0,3.8208898616668776,0.0,train
0.4,0,2.8657405827478497,0.0,train
0.04999999999999993,0,5.869857023357579,0.0,train
0.30000000000000004,0,4.521507901466288,0.0,train
0.30000000000000004,0,2.33460985826083,0.0,train
0.4,0,5.794534730357785,0.0,train
0.10000000000000009,0,0.6262971998126416,0.0,train
0.30000000000000004,0,4.257476260967781,0.0,train
0.4,4,0.01756274236677637,1.0,train
0.30000000000000004,2,0.17877649290719802,1.0,train
0.10000000000000009,0,4.595123349463353,0.0,train
0.4,3,0.1157085110775233,1.0,train
0.19999999999999996,1,0.3792363276251001,1.0,train
0.4,0,1.2507345429553383,0.0,train
0.04999999999999993,0,3.1256232813107334,0.0,train
0.19999999999999996,3,0.2212727382623614,1.0,train
0.10000000000000009,0,2.5810476847476815,0.0,train
0.4,1,0.828393676531336,0.0,train
0.30000000000000004,1,0.04725211346552816,1.0,train
0.10000000000000009,0,1.0922961037400922,0.0,train
0.4,0,0.9919264632802245,0.0,train
0.4,0,1.4067411156104332,0.0,train
0.10000000000000009,0,1.0677954352012287,0.0,train
0.04999999999999993,0,3.1580824411958783,0.0,train
0.4,0,0.8948823886845247,0.0,train
0.10000000000000009,1,0.10215278824116203,1.0,train
0.04999999999999993,0,3.268695058884588,0.0,train
0.30000000000000004,0,0.15123535116968356,0.0,train
0.4,0,5.837885862269518,0.0,train
0.04999999999999993,0,2.821363548158205,0.0,train
0.19999999999999996,0,3.3365563858983274,0.0,train
0.19999999999999996,0,4.130677074664452,0.0,train
0.30000000000000004,0,1.8130171875865948,0.0,train
0.10000000000000009,0,3.4180940354913254,0.0,train
0.19999999999999996,0,5.054390776779115,0.0,train
0.10000000000000009,0,1.4419225131179856,0.0,train
0.4,0,1.8714161909093383,0.0,train
0.10000000000000009,0,1.1021442430604997,0.0,train
0.10000000000000009,0,0.8209451058662995,0.0,train
0.30000000000000004,2,0.9521090142649813,1.0,train
0.04999999999999993,0,0.8827454471583633,0.0,train
0.04999999999999993,0,5.428101288901216,0.0,train
0.04999999999999993,0,0.7927537667284528,0.0,train
0.10000000000000009,0,4.262469119000903,0.0,train
0.30000000000000004,0,2.2352392729581636,0.0,train
0.10000000000000009,0,5.037276025684364,0.0,train
0.19999999999999996,0,1.9842292433122817,0.0,train
0.10000000000000009,1,0.6067149053023282,1.0,train
0.10000000000000009,0,1.8719943508912382,0.0,train
0.10000000000000009,1,1.7865048301548039,0.0,train
0.19999999999999996,0,0.49755062848097875,0.0,train
0.10000000000000009,1,0.986386656573365,0.0,train
0.4,0,4.901325176922374,0.0,train
0.10000000000000009,0,0.8152752513550661,0.0,train
0.30000000000000004,0,3.452148555448654,0.0,train
0.10000000000000009,0,2.2749880767509607,0.0,train
0.4,0,4.483010553224872,0.0,train
0.4,0,3.314417077289936,0.0,train
0.04999999999999993,0,0.20906157496233857,0.0,train
0.30000000000000004,0,5.981906809107951,0.0,train
0.4,0,1.584651177077152,0.0,train
0.04999999999999993,0,1.2358827647358699,0.0,train
0.10000000000000009,0,3.4121519184847986,0.0,train
0.04999999999999993,0,3.3436567975271068,0.0,train
0.10000000000000009,0,5.135010900867262,0.0,train
0.04999999999999993,0,0.052427870345307825,0.0,train
0.04999999999999993,0,4.166350071928385,0.0,train
0.4,0,4.69129772279333,0.0,train
0.4,0,1.4889642710056101,0.0,train
0.30000000000000004,0,2.9085111305924114,0.0,train
0.4,0,4.448419843164503,0.0,train
0.04999999999999993,0,5.975472386185829,0.0,train
0.19999999999999996,0,1.4819836332006848,0.0,train
0.19999999999999996,0,5.956469526954044,0.0,train
0.04999999999999993,0,3.724909358930998,0.0,train
0.30000000000000004,0,4.450435974823464,0.0,train
0.19999999999999996,0,1.0467641182926026,0.0,train
0.10000000000000009,0,1.6848338170669457,0.0,train
0.04999999999999993,0,0.3106534023631753,0.0,train
0.4,0,2.47252316696482,0.0,train
0.04999999999999993,0,3.8215725859467238,0.0,train
0.30000000000000004,2,0.6894743660392237,1.0,train
0.04999999999999993,1,1.9109282117963646,1.0,train
0.04999999999999993,0,4.474435020743237,0.0,train
0.4,3,0.31245029819598136,1.0,train
0.04999999999999993,0,1.7984448199272647,0.0,train
0.4,0,4.367049701246144,0.0,train
0.10000000000000009,0,5.435960634254561,0.0,train
0.4,0,0.04881478253149418,0.0,train
0.30000000000000004,0,0.7630134567094327,0.0,train
0.30000000000000004,0,1.8215009985400072,0.0,train
0.19999999999999996,0,5.906654935299807,0.0,train
0.04999999999999993,0,5.277309085969997,0.0,train
0.04999999999999993,0,2.5211277828142915,0.0,train
0.4,0,4.6748467728523435,0.0,train
0.10000000000000009,0,0.13521827807014852,0.0,train
0.10000000000000009,0,4.06071912452267,0.0,train
0.4,0,3.232956118340969,0.0,train
0.04999999999999993,0,0.6995017665099406,0.0,train
0.19999999999999996,0,1.7266972031857128,0.0,train
0.30000000000000004,0,3.6619244358854908,0.0,train
0.04999999999999993,0,1.3611676528922423,0.0,train
0.4,0,4.990211251052262,0.0,train
0.10000000000000009,0,3.290709394939202,0.0,train
0.19999999999999996,0,4.1058872509947415,0.0,train
0.30000000000000004,3,0.09191863911098738,1.0,train
0.19999999999999996,0,5.789282697503539,0.0,train
0.4,0,3.0024708504110187,0.0,train
0.04999999999999993,0,2.7063264984872983,0.0,train
0.04999999999999993,0,5.435290885008785,0.0,train
0.10000000000000009,0,1.8491687689906455,0.0,train
0.4,0,0.805631291557882,0.0,train
0.19999999999999996,0,5.950279108993752,0.0,train
0.10000000000000009,0,0.28987424490035907,0.0,train
0.04999999999999993,0,5.742577491657165,0.0,train
0.04999999999999993,0,0.19917197923482854,0.0,train
0.04999999999999993,0,3.981829240746457,0.0,train
0.4,20,0.04623948662065534,1.0,train
0.19999999999999996,3,0.03963644906291844,1.0,train
0.10000000000000009,0,2.4284014432107837,0.0,train
0.10000000000000009,0,5.449277875121457,0.0,train
0.30000000000000004,1,0.3567274044037918,1.0,train
0.30000000000000004,0,2.6291373460602863,0.0,train
0.04999999999999993,0,1.5304469366126745,0.0,train
0.19999999999999996,3,0.6355010969859388,1.0,train
0.04999999999999993,0,3.073532667052346,0.0,train
0.19999999999999996,1,2.069652440709897,0.0,train
0.19999999999999996,0,2.7536836287131106,0.0,train
0.30000000000000004,0,2.2310583884640067,0.0,train
0.4,2,0.20214701228454263,1.0,train
0.30000000000000004,0,1.7111164002306456,0.0,train
0.10000000000000009,1,0.445081979350761,1.0,train
0.04999999999999993,0,3.615257923252475,0.0,train
0.04999999999999993,0,2.8546481707337006,0.0,train
0.04999999999999993,0,2.9850043975991536,0.0,train
0.04999999999999993,0,4.9921042204589545,0.0,train
0.4,0,2.6899687844961315,0.0,train
0.04999999999999993,0,3.961794215525626,0.0,train
0.04999999999999993,1,2.0569203607055138,1.0,train
0.10000000000000009,0,5.764461706274186,0.0,train
0.04999999999999993,0,5.675710778551408,0.0,train
0.10000000000000009,0,3.602481769735162,0.0,train
0.4,1,0.05752600141869736,1.0,train
0.04999999999999993,0,3.342455639950872,0.0,train
0.30000000000000004,0,0.8648285584621624,0.0,train
0.30000000000000004,0,0.7411229880746235,0.0,train
0.4,0,0.9163105930554158,0.0,train
0.4,0,4.007913059918505,0.0,train
0.4,23,0.05301838440472781,1.0,train
0.30000000000000004,3,0.5421791309571526,1.0,train
0.10000000000000009,0,3.006162052350893,0.0,train
0.4,3,0.7857814359559367,1.0,train
0.04999999999999993,0,5.179300079996395,0.0,train
0.19999999999999996,0,2.8854904216815322,0.0,train
0.19999999999999996,0,3.813592529277388,0.0,train
0.10000000000000009,0,0.2493144955097064,0.0,train
0.30000000000000004,2,0.1785008618936799,1.0,train
0.19999999999999996,0,4.198618779270444,0.0,train
0.4,0,1.0349906211007354,0.0,train
0.19999999999999996,0,1.198398677996805,0.0,train
0.04999999999999993,0,0.5311792556898545,0.0,train
0.30000000000000004,0,1.8000848463702959,0.0,train
0.4,1,1.7380202749976357,1.0,train
0.30000000000000004,1,1.3991419528931663,1.0,train
0.30000000000000004,0,1.6061869924431074,0.0,train
0.19999999999999996,2,0.025911753317398454,1.0,train
0.04999999999999993,0,4.642774322940551,0.0,train
0.04999999999999993,0,4.369211261388677,0.0,train
0.4,0,2.1750279008306914,0.0,train
0.19999999999999996,0,2.790948065945317,0.0,train
0.19999999999999996,0,3.3751705496253583,0.0,train
0.4,0,5.620270162369932,0.0,train
0.10000000000000009,0,5.675267086967063,0.0,train
0.10000000000000009,0,3.574958740309577,0.0,train
0.10000000000000009,0,2.568150091604037,0.0,train
0.30000000000000004,0,0.1380802546042137,0.0,train
0.04999999999999993,0,5.474277767348566,0.0,train
0.30000000000000004,0,0.17187311047100362,0.0,train
0.4,0,5.782714785496757,0.0,train
0.4,3,0.2042540015988621,0.0,train
0.4,1,1.4043924712699065,1.0,train
0.10000000000000009,0,3.309834625989013,0.0,train
0.19999999999999996,1,2.393577658233293,0.0,train
0.19999999999999996,1,1.7244913431230722,1.0,train
0.19999999999999996,0,3.627450273464093,0.0,train
0.19999999999999996,0,3.9031542163377635,0.0,train
0.30000000000000004,0,0.904514141103212,0.0,train
0.10000000000000009,1,0.10333772889237096,1.0,train
0.4,6,0.3185769427117423,1.0,train
0.30000000000000004,0,3.128034384143489,0.0,train
0.04999999999999993,0,3.0907370235352225,0.0,train
0.30000000000000004,1,2.161187727073515,0.0,train
0.10000000000000009,0,5.403680104626871,0.0,train
0.19999999999999996,0,5.608655864461346,0.0,train
0.4,1,2.84608974689432,1.0,train
0.19999999999999996,0,4.742552651921798,0.0,train
0.10000000000000009,0,1.8649377366874473,0.0,train
0.04999999999999993,0,1.1183165687307568,0.0,train
0.10000000000000009,0,2.828300009733615,0.0,train
0.19999999999999996,0,1.2438928053238587,0.0,train
0.04999999999999993,0,1.5295864859107304,0.0,train
0.30000000000000004,1,1.3320317394920926,1.0,train
0.19999999999999996,0,0.5740674045497898,0.0,train
0.04999999999999993,0,5.15195831881265,0.0,train
0.10000000000000009,0,2.6551867909286946,0.0,train
0.10000000000000009,0,4.169206372360697,0.0,train
0.19999999999999996,0,4.670853115016027,0.0,train
0.30000000000000004,7,0.046211589767337344,1.0,train
0.30000000000000004,0,0.9440694905102547,0.0,train
0.30000000000000004,0,4.47336022241959,0.0,train
0.19999999999999996,0,2.817900769134846,0.0,train
0.19999999999999996,0,4.735666909631377,0.0,train
0.19999999999999996,0,4.866133714017051,0.0,train
0.30000000000000004,0,1.203760508092681,0.0,train
0.4,0,5.388996351735776,0.0,train
0.19999999999999996,0,3.303821460494684,0.0,train
0.04999999999999993,0,2.5387811030898035,0.0,train
0.19999999999999996,0,4.3444633276067925,0.0,train
0.30000000000000004,0,0.3904278171991984,0.0,train
0.04999999999999993,0,3.691728940485011,0.0,train
0.30000000000000004,0,3.5470510063391467,0.0,train
0.04999999999999993,2,0.24388751975374334,0.0,train
0.19999999999999996,1,0.8896865566306322,0.0,train
0.10000000000000009,0,4.840408666071426,0.0,train
0.30000000000000004,0,1.3624092713456084,0.0,train
0.30000000000000004,0,4.18945106890225,0.0,train
0.04999999999999993,0,4.721010775029971,0.0,train
0.19999999999999996,0,0.6367383271595126,0.0,train
0.4,0,5.117225630919904,0.0,train
0.19999999999999996,0,3.8796872793429187,0.0,train
0.19999999999999996,0,0.8473596231071328,0.0,train
0.30000000000000004,0,3.039423206634784,0.0,train
0.19999999999999996,0,4.437303597119106,0.0,train
0.4,0,4.045167770592637,0.0,train
0.19999999999999996,0,1.270684668430155,0.0,train
0.10000000000000009,0,0.6876954578760412,0.0,train
0.10000000000000009,0,0.1067830098072442,0.0,train
0.19999999999999996,0,3.639856633215055,0.0,train
0.10000000000000009,0,5.781545230863425,0.0,train
0.04999999999999993,0,5.944276579729108,0.0,train
0.4,0,5.989323721380329,0.0,train
0.30000000000000004,0,5.642240179493438,0.0,train
0.10000000000000009,0,1.7767905229208953,0.0,train
0.4,0,3.017229882520087,0.0,train
0.30000000000000004,13,0.01907731903199708,1.0,train
0.4,0,5.0545795372999605,0.0,train
0.19999999999999996,0,2.2682883541404952,0.0,train
0.4,0,4.111941890980755,0.0,train
0.04999999999999993,0,3.221166700759464,0.0,train
0.30000000000000004,0,3.621811902589536,0.0,train
0.30000000000000004,0,5.606312430300555,0.0,train
0.30000000000000004,0,4.3714632862259295,0.0,train
0.04999999999999993,0,2.6518525278169527,0.0,train
0.19999999999999996,0,4.981189657840915,0.0,train
0.04999999999999993,0,3.9031125800557778,0.0,train
0.04999999999999993,0,5.9200629007400565,0.0,train
0.04999999999999993,0,0.4462021093361186,0.0,train
0.19999999999999996,2,0.11364840400663473,1.0,train
0.04999999999999993,0,1.8814901108080593,0.0,train
0.10000000000000009,0,3.4524437305807374,0.0,train
0.19999999999999996,0,4.537759172178202,0.0,train
0.19999999999999996,0,1.6614086163161728,0.0,train
0.4,2,0.36772843431185653,0.0,train
0.10000000000000009,0,1.8116665886384928,0.0,train
0.04999999999999993,0,1.8009724648036305,0.0,train
0.30000000000000004,0,5.816796302797758,0.0,train
0.30000000000000004,2,0.4718655754316325,1.0,train
0.30000000000000004,1,1.267866262394888,1.0,train
0.04999999999999993,0,4.296383623755735,0.0,train
0.19999999999999996,0,4.674313146675738,0.0,train
0.4,1,3.6815714189009405,1.0,train
0.4,0,3.0544439131443895,0.0,train
0.4,0,1.6142624094173894,0.0,train
0.10000000000000009,0,1.7316866422180912,0.0,train
0.10000000000000009,0,5.724128340369656,0.0,train
0.19999999999999996,0,0.8443294206319956,0.0,train
0.19999999999999996,1,0.20830161850545661,1.0,train
0.4,0,1.9230975071163638,0.0,train
0.04999999999999993,0,4.141981402297049,0.0,train
0.4,1,0.1197114908598284,1.0,train
0.19999999999999996,0,0.9739820885008801,0.0,train
0.04999999999999993,0,4.536567720162504,0.0,train
0.30000000000000004,0,4.853508006594825,0.0,train
0.10000000000000009,1,0.44814578388100224,1.0,train
0.04999999999999993,0,5.41899411418269,0.0,train
0.04999999999999993,0,0.7595851855120859,0.0,train
0.4,10,0.09134222172521365,1.0,train
0.04999999999999993,0,4.165083302650289,0.0,train
0.19999999999999996,0,4.539267002554862,0.0,train
0.10000000000000009,0,4.586353570330601,0.0,train
0.04999999999999993,0,4.551003442366059,0.0,train
0.4,0,0.10818527477699313,0.0,train
0.10000000000000009,0,4.172934252882828,0.0,train
0.04999999999999993,0,3.1140695124822044,0.0,train
0.10000000000000009,0,2.646463393684723,0.0,train
0.4,0,0.7585816564247596,0.0,train
0.19999999999999996,0,3.315716610397707,0.0,train
0.4,0,5.002539889469722,0.0,train
0.19999999999999996,2,0.17036068886062944,1.0,train
0.10000000000000009,0,2.729839685069898,0.0,train
0.4,4,0.08421732521236125,1.0,train
0.4,1,0.2193463895272727,0.0,train
0.04999999999999993,0,0.9302929912686735,0.0,train
0.30000000000000004,0,0.22351331220421033,0.0,train
0.04999999999999993,0,1.6152536847624968,0.0,train
0.10000000000000009,0,2.487563962201631,0.0,train
0.10000000000000009,0,2.304148759221669,0.0,train
0.10000000000000009,0,3.9670817183492684,0.0,train
0.10000000000000009,0,0.10778939181446079,0.0,train
0.19999999999999996,0,5.966528985444267,0.0,train
0.4,0,4.612726753060549,0.0,train
0.10000000000000009,0,2.003142607648476,0.0,train
0.19999999999999996,0,5.6861615572520385,0.0,train
0.10000000000000009,0,3.8650492288655034,0.0,train
0.4,2,0.8757621229437837,1.0,train
0.30000000000000004,1,3.693871935747671,0.0,train
0.30000000000000004,0,0.5671384820541587,0.0,train
0.4,21,0.24206267352069144,1.0,train
0.19999999999999996,0,4.397237928331704,0.0,train
0.4,1,0.2874796396245158,1.0,train
0.10000000000000009,0,2.8955076327398057,0.0,train
0.30000000000000004,0,0.5228861480289229,0.0,train
0.4,1,0.8041283279006012,1.0,train
0.4,0,2.1359161268067597,0.0,train
0.4,0,3.134886976080578,0.0,train
0.30000000000000004,3,0.2900462332225581,1.0,train
0.10000000000000009,0,3.7935654720977148,0.0,train
0.04999999999999993,0,2.266349503091286,0.0,train
0.4,2,0.16812421840016606,1.0,train
0.04999999999999993,0,3.5324787148483647,0.0,train
0.19999999999999996,1,0.3721731501539228,1.0,train
0.04999999999999993,0,4.095408314672879,0.0,train
0.10000000000000009,0,4.960306747078733,0.0,train
0.30000000000000004,0,4.199688025040665,0.0,train
0.30000000000000004,4,0.3041219692013164,1.0,train
0.10000000000000009,1,0.7671694883181324,1.0,train
0.04999999999999993,1,0.8179735100716266,1.0,train
0.19999999999999996,0,2.865697071316176,0.0,train
0.30000000000000004,1,2.2063804114354832,1.0,train
0.04999999999999993,0,1.587776983981919,0.0,train
0.4,10,0.02280423446518019,1.0,train
0.4,3,0.05606685743876741,1.0,train
0.4,0,0.8264703723414817,0.0,train
0.4,0,5.479340841959241,0.0,train
0.10000000000000009,0,2.2498927497285486,0.0,train
0.19999999999999996,1,2.230401979564525,1.0,train
0.19999999999999996,2,1.0193899595994003,1.0,train
0.30000000000000004,10,0.012489194390021757,1.0,train
0.30000000000000004,0,5.958819383697144,0.0,train
0.10000000000000009,0,0.5842564563174466,0.0,train
0.10000000000000009,0,0.06911289677580168,0.0,train
0.4,0,1.6092749515427343,0.0,train
0.4,0,1.816954963169702,0.0,train
0.30000000000000004,0,5.61139227824358,0.0,train
0.19999999999999996,0,4.577793307515887,0.0,train
0.30000000000000004,0,1.4036532240435877,0.0,train
0.19999999999999996,0,0.503147753093582,0.0,train
0.04999999999999993,1,0.38819511375841786,0.0,train
0.4,11,0.1645400618791556,1.0,train
0.10000000000000009,1,0.10204975545515535,1.0,train
0.10000000000000009,0,4.095374823335403,0.0,train
0.30000000000000004,2,0.035946290216617126,1.0,train
0.04999999999999993,0,1.7178365824603437,0.0,train
0.10000000000000009,0,4.155508459358042,0.0,train
0.30000000000000004,0,3.292438216481338,0.0,train
0.04999999999999993,0,2.048482236347442,0.0,train
0.4,39,0.07018322995488792,1.0,train
0.19999999999999996,0,4.67220066760304,0.0,train
0.19999999999999996,0,3.547448286621048,0.0,train
0.30000000000000004,0,0.16764441463058288,0.0,train
0.19999999999999996,0,2.469419596255534,0.0,train
0.30000000000000004,0,4.67045187234174,0.0,train
0.30000000000000004,2,0.5470995177832485,0.0,train
0.19999999999999996,1,0.6032483397283516,1.0,train
0.04999999999999993,0,3.2205928851427634,0.0,train
0.10000000000000009,0,1.8028998151691027,0.0,train
0.10000000000000009,1,0.6573321270097586,1.0,train
0.19999999999999996,0,0.31660966553981096,0.0,train
0.10000000000000009,0,2.242508575111202,0.0,train
0.04999999999999993,0,2.103845202714971,0.0,train
0.10000000000000009,0,3.1376808593263137,0.0,train
0.19999999999999996,0,4.160364157052561,0.0,train
0.19999999999999996,0,3.3186745909081035,0.0,train
0.30000000000000004,0,0.8500350458761534,0.0,train
0.4,0,0.4271214223546944,0.0,train
0.10000000000000009,0,2.5555726365466196,0.0,train
0.19999999999999996,0,1.1073051863026693,0.0,train
0.19999999999999996,0,3.5288361073108314,0.0,train
0.04999999999999993,0,1.4129663550240883,0.0,train
0.4,0,1.0152999847241848,0.0,train
0.19999999999999996,0,0.7859035017186717,0.0,train
0.10000000000000009,0,3.4487145555399996,0.0,train
0.10000000000000009,0,3.0722715372887874,0.0,train
0.30000000000000004,0,2.0863564010527886,0.0,train
0.19999999999999996,0,1.4794689969422659,0.0,train
0.4,0,2.393926126124414,0.0,train
0.04999999999999993,0,2.929339691077124,0.0,train
0.04999999999999993,0,1.4216586580093051,0.0,train
0.10000000000000009,0,0.600145683938877,0.0,train
0.10000000000000009,0,3.630899939187114,0.0,train
0.19999999999999996,0,3.857163889399758,0.0,train
0.19999999999999996,0,3.1841653769919165,0.0,train
0.10000000000000009,0,2.07092982399334,0.0,train
0.30000000000000004,0,4.957453634235254,0.0,train
0.10000000000000009,0,2.7008475493433286,0.0,train
0.10000000000000009,0,0.7223191659106742,0.0,train
0.10000000000000009,1,0.7087069634885121,1.0,train
0.04999999999999993,0,0.5470684370734187,0.0,train
0.10000000000000009,0,3.9420903817894013,0.0,train
0.10000000000000009,1,0.07490763329127248,1.0,train
0.30000000000000004,0,0.6588754845959959,0.0,train
0.04999999999999993,0,2.823986832074798,0.0,train
0.04999999999999993,0,4.315803148182706,0.0,train
0.04999999999999993,0,4.757493527548903,0.0,train
0.4,0,4.371203210388656,0.0,train
0.19999999999999996,0,4.015203424411174,0.0,train
0.19999999999999996,0,2.402201105372412,0.0,train
0.04999999999999993,0,0.6239294535213578,0.0,train
0.30000000000000004,0,5.569595244322711,0.0,train
0.04999999999999993,0,5.48376266658267,0.0,train
0.10000000000000009,0,3.470276241420396,0.0,train
0.10000000000000009,1,1.4421545376437825,1.0,train
0.10000000000000009,0,2.5623305806577683,0.0,train
0.30000000000000004,0,2.6636778946273756,0.0,train
0.04999999999999993,0,2.0808231285096035,0.0,train
0.04999999999999993,0,1.4565881589003586,0.0,train
0.04999999999999993,0,2.2348747010582546,0.0,train
0.10000000000000009,0,5.097439803543453,0.0,train
0.19999999999999996,0,5.387296040878866,0.0,train
0.30000000000000004,0,1.6724010119373849,0.0,train
0.04999999999999993,0,4.919091729424759,0.0,train
0.10000000000000009,1,0.4956472746174298,1.0,train
0.10000000000000009,1,0.24249007892319585,0.0,train
0.4,1,1.646090672163598,1.0,train
0.4,1,0.03528136842288011,1.0,train
0.30000000000000004,0,4.226524508606701,0.0,train
0.10000000000000009,0,2.7578001022416023,0.0,train
0.10000000000000009,0,5.445425639208983,0.0,train
0.10000000000000009,0,2.3050305275351897,0.0,train
0.4,0,0.32372783769641633,0.0,train
0.04999999999999993,0,4.321037832024001,0.0,train
0.04999999999999993,0,1.9548616577747364,0.0,train
0.4,0,1.9422945873272333,0.0,train
0.4,0,2.792043917232973,0.0,train
0.30000000000000004,0,4.960956116407147,0.0,train
0.4,5,0.19284201934182946,1.0,train
0.19999999999999996,0,1.6844854644611558,0.0,train
0.4,0,4.245388965013498,0.0,train
0.30000000000000004,0,2.102453387942248,0.0,train
0.4,0,3.8955178457121225,0.0,train
0.19999999999999996,0,3.4168952096483682,0.0,train
0.30000000000000004,0,5.567653373192032,0.0,train
0.30000000000000004,0,5.55755972698754,0.0,train
0.4,0,0.23276629594130238,0.0,train
0.30000000000000004,2,0.7072609883341376,0.0,train
0.10000000000000009,0,2.0329491842077085,0.0,train
0.19999999999999996,1,1.1522845647612494,1.0,train
0.4,3,0.2942081469182979,1.0,train
0.30000000000000004,0,3.830050823546779,0.0,train
0.19999999999999996,0,3.2146659905816874,0.0,train
0.10000000000000009,0,4.477852659126688,0.0,train
0.04999999999999993,2,0.19485742786049007,1.0,train
0.19999999999999996,0,1.2460695156137407,0.0,train
0.19999999999999996,1,1.7122968686849254,0.0,train
0.19999999999999996,0,1.5059634692926043,0.0,train
0.10000000000000009,0,4.270912216813526,0.0,train
0.04999999999999993,0,3.3923114936735637,0.0,train
0.4,1,0.3909054177992584,1.0,train
0.4,0,0.061670318584615025,0.0,train
0.10000000000000009,1,0.9681053450003391,1.0,train
0.04999999999999993,0,0.2543973632618668,0.0,train
0.4,0,5.594096673563503,0.0,train
0.19999999999999996,1,0.162649262173283,1.0,train
0.10000000000000009,0,0.8356658262089043,0.0,train
0.19999999999999996,1,0.9580889193743773,1.0,train
0.19999999999999996,0,1.7202106644480304,0.0,train
0.30000000000000004,0,1.0845884809501445,0.0,train
0.30000000000000004,1,0.5020916370593883,1.0,train
0.10000000000000009,1,0.11651111382922828,1.0,train
0.30000000000000004,0,5.569150734363497,0.0,train
0.30000000000000004,0,5.110570428530861,0.0,train
0.04999999999999993,0,0.26877643806882623,0.0,train
0.10000000000000009,0,2.4397996015861168,0.0,train
0.30000000000000004,1,0.767884365309279,1.0,train
0.10000000000000009,0,3.448825383914662,0.0,train
0.19999999999999996,0,2.8558817929765645,0.0,train
0.30000000000000004,0,1.8581549031471305,0.0,train
0.10000000000000009,0,0.1415324569432288,0.0,train
0.19999999999999996,0,0.6108506645532095,0.0,train
0.30000000000000004,9,0.24782460198888923,1.0,train
0.04999999999999993,0,3.758154436146018,0.0,train
0.30000000000000004,0,0.8297192456851661,0.0,train
0.30000000000000004,0,0.5317480611507779,0.0,train
0.19999999999999996,0,0.04451536790280741,0.0,train
0.30000000000000004,0,5.617181379612582,0.0,train
0.19999999999999996,0,0.05385045662955057,0.0,train
0.10000000000000009,0,1.6294262813587723,0.0,train
0.4,2,1.4436158588001886,1.0,train
0.30000000000000004,0,2.0613498853023624,0.0,train
0.10000000000000009,0,3.8079589753414664,0.0,train
0.04999999999999993,0,4.03141422964028,0.0,train
0.30000000000000004,0,3.6494118920079686,0.0,train
0.30000000000000004,0,4.636320260377885,0.0,train
0.30000000000000004,0,3.098497788157543,0.0,train
0.19999999999999996,0,3.2032359867978935,0.0,train
0.04999999999999993,0,5.42552141128908,0.0,train
0.04999999999999993,0,1.026302874323959,0.0,train
0.10000000000000009,0,5.189154865319329,0.0,train
0.10000000000000009,0,2.6989798761389663,0.0,train
0.04999999999999993,0,1.3383238264978545,0.0,train
0.4,6,0.1033463653754935,1.0,train
0.4,7,0.14551609189328385,1.0,train
0.19999999999999996,0,0.5629432428179384,0.0,train
0.10000000000000009,0,3.1425242291727957,0.0,train
0.19999999999999996,0,4.831516682103017,0.0,train
0.10000000000000009,0,4.944257128591389,0.0,train
0.4,0,3.5668464055029387,0.0,train
0.4,0,2.814218020639732,0.0,train
0.4,0,2.0934199097148145,0.0,train
0.19999999999999996,0,1.9547393494100895,0.0,train
0.4,0,4.53777018019614,0.0,train
0.10000000000000009,0,0.9754651831242007,0.0,train
0.30000000000000004,0,1.1012901632798768,0.0,train
0.19999999999999996,3,0.7334141807953067,1.0,train
0.19999999999999996,0,3.713340050087626,0.0,train
0.04999999999999993,0,2.5767795690272357,0.0,train
0.30000000000000004,2,0.6457701280309743,1.0,train
0.10000000000000009,0,1.969070485638245,0.0,train
0.30000000000000004,7,0.013154888313291061,1.0,train
0.04999999999999993,0,1.5318365256994975,0.0,train
0.19999999999999996,0,4.504734446491273,0.0,train
0.04999999999999993,0,0.4926095912329782,0.0,train
0.19999999999999996,2,0.17855497907733694,1.0,train
0.10000000000000009,1,0.08818106951671785,1.0,train
0.30000000000000004,0,0.8165033874843131,0.0,train
0.04999999999999993,0,0.34911250811667727,0.0,train
0.10000000000000009,0,0.5992462691605736,0.0,train
0.10000000000000009,0,5.797927705638741,0.0,train
0.19999999999999996,0,4.2572851681174235,0.0,train
0.19999999999999996,0,0.04528793869345216,0.0,train
0.19999999999999996,0,1.7917688715468294,0.0,train
0.10000000000000009,0,3.338257678321383,0.0,train
0.10000000000000009,0,4.653978236256723,0.0,train
0.4,0,3.741501545993338,0.0,train
0.30000000000000004,0,5.8350915320320915,0.0,train
0.30000000000000004,0,3.0778083931828375,0.0,train
0.10000000000000009,0,1.0358593571877122,0.0,train
0.4,0,3.922820676786194,0.0,train
0.30000000000000004,0,3.1924590799935455,0.0,train
0.04999999999999993,0,3.745713420231036,0.0,train
0.30000000000000004,10,0.05200235183603209,1.0,train
0.10000000000000009,0,5.646300424491433,0.0,train
0.19999999999999996,0,5.992990450608124,0.0,train
0.19999999999999996,2,1.1706012551280849,1.0,train
0.10000000000000009,0,1.1817792098777873,0.0,train
0.19999999999999996,0,0.8232890589184525,0.0,train
0.04999999999999993,0,3.4416975116694464,0.0,train
0.30000000000000004,0,4.384571184175444,0.0,train
0.19999999999999996,0,3.040859035385796,0.0,train
0.30000000000000004,0,1.410284500288918,0.0,train
0.30000000000000004,0,4.741036844902423,0.0,train
0.04999999999999993,1,0.3530758241185717,1.0,train
0.04999999999999993,0,5.977535558733873,0.0,train
0.10000000000000009,0,2.446578890246877,0.0,train
0.10000000000000009,0,5.472068098193041,0.0,train
0.10000000000000009,0,0.8167945426157568,0.0,train
0.04999999999999993,1,1.9441374093890187,1.0,train
0.19999999999999996,0,5.006025923344794,0.0,train
0.30000000000000004,1,2.529988601570259,1.0,train
0.4,4,1.108260971535249,1.0,train
0.10000000000000009,0,5.6172532289368835,0.0,train
0.30000000000000004,0,2.674019318476428,0.0,train
0.30000000000000004,0,1.125418953260996,0.0,train
0.19999999999999996,0,4.959362140947468,0.0,train
0.30000000000000004,0,1.5673219776844662,0.0,train
0.30000000000000004,1,0.03960077085201319,0.0,train
0.19999999999999996,0,0.25602745915391045,0.0,train
0.10000000000000009,0,3.8100658519899184,0.0,train
0.04999999999999993,0,4.641166998593462,0.0,train
0.19999999999999996,0,1.6469339070787952,0.0,train
0.4,3,0.3549281945125715,1.0,train
0.30000000000000004,0,2.185663574387296,0.0,train
0.19999999999999996,0,5.21362341134425,0.0,train
0.19999999999999996,0,5.889027357233705,0.0,train
0.10000000000000009,0,4.510776009245378,0.0,train
0.4,0,4.2233486896427666,0.0,train
0.19999999999999996,0,4.465660448710884,0.0,train
0.10000000000000009,0,4.325679310345932,0.0,train
0.04999999999999993,0,5.257958859272267,0.0,train
0.10000000000000009,0,4.4006594917947375,0.0,train
0.4,17,0.08782090543375391,1.0,train
0.30000000000000004,3,0.021849435708099593,1.0,train
0.30000000000000004,0,1.6135315621424497,0.0,train
0.10000000000000009,0,1.1399582932297876,0.0,train
0.4,14,0.0031085406967417003,1.0,train
0.4,1,0.15274020218733764,0.0,train
0.04999999999999993,0,4.661520268038267,0.0,train
0.30000000000000004,2,0.046100011233759904,1.0,train
0.4,32,0.02516969515121876,1.0,train
0.4,0,1.4138449533325879,0.0,train
0.30000000000000004,0,0.18951946921108642,0.0,train
0.10000000000000009,0,2.4723718304601743,0.0,train
0.04999999999999993,0,5.498499940034247,0.0,train
0.4,0,5.70758395822281,0.0,train
0.10000000000000009,0,1.1854572225932272,0.0,train
0.19999999999999996,0,3.7668586180058927,0.0,train
0.19999999999999996,0,0.6132285052793927,0.0,train
0.30000000000000004,0,1.8219754462607727,0.0,train
0.10000000000000009,0,5.927976862855283,0.0,train
0.04999999999999993,0,0.7182941807948418,0.0,train
0.19999999999999996,0,2.4471258718296323,0.0,train
0.4,7,0.062109921146546045,1.0,train
0.04999999999999993,0,2.789309879439172,0.0,train
0.04999999999999993,0,1.1038265577075355,0.0,train
0.10000000000000009,0,1.9729979220890612,0.0,train
0.04999999999999993,0,1.314510881242796,0.0,train
0.04999999999999993,0,3.5571117290879197,0.0,train
0.30000000000000004,0,2.2462036681232256,0.0,train
0.19999999999999996,0,3.301383256992674,0.0,train
0.19999999999999996,1,0.34093232415595887,1.0,train
0.10000000000000009,0,4.744353613398131,0.0,train
0.19999999999999996,1,0.8988273901185475,0.0,train
0.30000000000000004,0,4.609786847752447,0.0,train
0.4,0,5.947317283524011,0.0,train
0.10000000000000009,0,2.923821940830273,0.0,train
0.30000000000000004,0,3.1551394449593797,0.0,train
0.4,1,0.27875865244322234,1.0,train
0.10000000000000009,0,4.573890401940376,0.0,train
0.04999999999999993,1,2.642241097493556,1.0,train
0.4,0,1.2133180193705972,0.0,train
0.04999999999999993,0,4.244261434392511,0.0,train
0.4,0,0.04816731944138475,0.0,train
0.04999999999999993,0,3.8691718155753057,0.0,train
0.10000000000000009,1,0.0748195118137415,1.0,train
0.30000000000000004,0,5.510910219353561,0.0,train
0.30000000000000004,1,0.8974600885059665,1.0,train
0.10000000000000009,0,3.142000401032982,0.0,train
0.30000000000000004,0,2.8236133839860544,0.0,train
0.04999999999999993,0,3.513632284191245,0.0,train
0.4,1,1.6221225096087546,1.0,train
0.30000000000000004,0,2.050749126614458,0.0,train
0.30000000000000004,1,0.3541051831212225,0.0,train
0.19999999999999996,0,1.090960529924958,0.0,train
0.30000000000000004,2,0.8949568384133395,1.0,train
0.19999999999999996,0,5.661763682657947,0.0,train
0.4,1,0.5567635932475695,1.0,train
0.04999999999999993,0,2.878423762618914,0.0,train
0.04999999999999993,0,5.9173338825261625,0.0,train
0.30000000000000004,0,0.9287274423979157,0.0,train
0.4,1,0.8564639262709067,1.0,val
0.4,0,4.497550764389425,0.0,val
0.10000000000000009,0,3.1308510328909325,0.0,val
0.4,1,0.30620433863455754,1.0,val
0.4,9,0.11540551671366638,1.0,val
0.30000000000000004,4,0.04156087445270884,1.0,val
0.4,1,0.16072976891985705,1.0,val
0.19999999999999996,1,0.04482045878435745,1.0,val
0.4,1,3.207004459678651,1.0,val
0.10000000000000009,0,2.905195026651837,0.0,val
0.04999999999999993,0,3.4425530852340205,0.0,val
0.30000000000000004,11,0.17128721374279718,1.0,val
0.4,11,0.05739873760051439,1.0,val
0.19999999999999996,0,2.72697177458742,0.0,val
0.10000000000000009,0,0.3084978221663719,0.0,val
0.4,3,1.0165662664958004,1.0,val
0.4,0,5.808660247450758,0.0,val
0.30000000000000004,11,0.050562489398913904,1.0,val
0.04999999999999993,0,2.361040256728093,0.0,val
0.19999999999999996,0,4.577221497925365,0.0,val
0.4,1,0.5928222212778118,0.0,val
0.4,0,2.7936130335291205,0.0,val
0.04999999999999993,0,4.544583241323444,0.0,val
0.19999999999999996,0,2.5598265036906906,0.0,val
0.4,7,0.4885256369245534,1.0,val
0.10000000000000009,0,3.872748002538139,0.0,val
0.04999999999999993,0,1.2864236294409628,0.0,val
0.10000000000000009,0,1.9500683530660377,0.0,val
0.30000000000000004,6,0.13525027193334516,1.0,val
0.19999999999999996,0,3.0973964281236155,0.0,val
0.10000000000000009,0,0.9115001843744692,0.0,val
0.4,0,1.741587263700206,0.0,val
0.19999999999999996,0,1.677275112024133,0.0,val
0.30000000000000004,2,0.0031326852698158104,1.0,val
0.4,0,3.7736328578359175,0.0,val
0.4,1,1.3453561048122071,0.0,val
0.04999999999999993,0,4.7318798576692815,0.0,val
0.04999999999999993,0,2.0267147307787132,0.0,val
0.19999999999999996,0,2.1131597082752815,0.0,val
0.04999999999999993,0,0.32524644048044005,0.0,val
0.30000000000000004,0,4.614640080035377,0.0,val
0.30000000000000004,0,1.4722295958605847,0.0,val
0.19999999999999996,0,0.39635837222176185,0.0,val
0.30000000000000004,0,2.3476109204414852,0.0,val
0.04999999999999993,2,1.5272506545153317,1.0,val
0.04999999999999993,0,5.540646041242964,0.0,val
0.30000000000000004,0,1.2032860503296692,0.0,val
0.04999999999999993,0,2.2307225152414825,0.0,val
0.30000000000000004,0,1.7045804343813848,0.0,val
0.4,3,0.16309351224271018,1.0,val
0.04999999999999993,0,0.6042951307682916,0.0,val
0.04999999999999993,0,2.515996290943562,0.0,val
0.10000000000000009,0,2.084729548381844,0.0,val
0.10000000000000009,0,5.080633670627229,0.0,val
0.19999999999999996,0,1.9431061400389258,0.0,val
0.30000000000000004,0,1.127699714473809,0.0,val
0.10000000000000009,0,3.7321561390388025,0.0,val
0.04999999999999993,0,1.2237341895630585,0.0,val
0.04999999999999993,0,1.2756461653149922,0.0,val
0.4,5,0.1986207970879616,1.0,val
0.30000000000000004,0,2.0807199924998514,0.0,val
0.04999999999999993,0,4.3227925049236635,0.0,val
0.30000000000000004,0,2.6460443476543274,0.0,val
0.04999999999999993,0,1.2657500216012536,0.0,val
0.19999999999999996,1,0.9968527311175585,1.0,val
0.4,0,0.06500370336556638,0.0,val
0.19999999999999996,0,5.383554076281452,0.0,val
0.4,0,3.76668604635027,0.0,val
0.30000000000000004,0,0.6786154555696433,0.0,val
0.10000000000000009,0,2.0251733781559684,0.0,val
0.30000000000000004,7,0.0784308918517235,1.0,val
0.4,0,5.0975546954417315,0.0,val
0.19999999999999996,0,5.453463801591795,0.0,val
0.10000000000000009,0,1.2611621400189061,0.0,val
0.04999999999999993,0,0.14728101351728307,0.0,val
0.04999999999999993,0,2.7600978635613362,0.0,val
0.10000000000000009,0,3.4871819858326525,0.0,val
0.10000000000000009,0,3.1365156021889256,0.0,val
0.30000000000000004,0,2.094472139757398,0.0,val
0.10000000000000009,0,4.672577136759577,0.0,val
0.19999999999999996,0,5.075505199488699,0.0,val
0.30000000000000004,0,1.7196293801809799,0.0,val
0.04999999999999993,0,3.5205606681454285,0.0,val
0.04999999999999993,0,0.38656161207605444,0.0,val
0.30000000000000004,0,4.390693911563336,0.0,val
0.30000000000000004,1,0.5990106999964776,1.0,val
0.19999999999999996,0,5.410027013330074,0.0,val
0.04999999999999993,0,2.4236918527103457,0.0,val
0.10000000000000009,0,2.3145023591040594,0.0,val
0.04999999999999993,0,4.243372254445785,0.0,val
0.04999999999999993,0,4.768261263939036,0.0,val
0.30000000000000004,0,3.5703042302407675,0.0,val
0.19999999999999996,1,0.49600399945526985,1.0,val
0.10000000000000009,0,5.121546185379527,0.0,val
0.10000000000000009,0,5.978385474045252,0.0,val
0.4,0,2.156102466804685,0.0,val
0.04999999999999993,0,5.8488834255861715,0.0,val
0.04999999999999993,0,5.543615478701555,0.0,val
0.10000000000000009,0,5.1050557983072204,0.0,val
0.4,0,1.3629064749682747,0.0,val
0.4,0,0.6537135705403394,0.0,val
0.19999999999999996,2,0.9299392076944635,1.0,val
0.4,0,4.103528347615702,0.0,val
0.4,2,0.041004982537818244,1.0,val
0.4,0,1.2165831847347104,0.0,val
0.10000000000000009,0,5.231758528059222,0.0,val
0.30000000000000004,0,2.548671349991939,0.0,val
0.19999999999999996,0,4.856149567306049,0.0,val
0.19999999999999996,0,3.891757025959658,0.0,val
0.30000000000000004,1,1.396131478618975,0.0,val
0.19999999999999996,0,5.551625172881069,0.0,val
0.4,3,0.2720616877899837,1.0,val
0.04999999999999993,0,2.0621078603879406,0.0,val
0.19999999999999996,0,5.886719846260526,0.0,val
0.19999999999999996,0,0.19621783597065146,0.0,val
0.10000000000000009,0,5.617942961052298,0.0,val
0.30000000000000004,0,0.9089787736724049,0.0,val
0.19999999999999996,0,0.6449878850162427,0.0,val
0.04999999999999993,0,0.09853664334499279,0.0,val
0.19999999999999996,0,1.0390222606178612,0.0,val
0.04999999999999993,0,0.7505521682185436,0.0,val
0.19999999999999996,0,1.2619091668977578,0.0,val
0.04999999999999993,0,2.1151685178865565,0.0,val
0.19999999999999996,0,5.099984205339309,0.0,val
0.4,0,1.3154522467514216,0.0,val
0.19999999999999996,0,0.4025799889297801,0.0,val
0.19999999999999996,1,0.10094075314187761,1.0,val
0.30000000000000004,0,1.785046307546576,0.0,val
0.30000000000000004,0,0.5189087616577774,0.0,val
0.30000000000000004,0,4.77353905011499,0.0,val
0.19999999999999996,0,4.301798239386921,0.0,val
0.10000000000000009,0,3.6239279737574464,0.0,val
0.30000000000000004,2,0.5489809547765796,1.0,val
0.04999999999999993,0,4.116389169107674,0.0,val
0.4,0,2.981006151906786,0.0,val
0.04999999999999993,0,2.344916912691167,0.0,val
0.10000000000000009,0,3.1671780932051434,0.0,val
0.30000000000000004,1,0.8774145210277771,1.0,val
0.4,0,1.2535520480503142,0.0,val
0.04999999999999993,0,3.3076528980824684,0.0,val
0.04999999999999993,0,0.5813264677858156,0.0,val
0.4,0,3.2695985748327008,0.0,val
0.4,2,1.3450807442950554,1.0,val
0.30000000000000004,0,2.5943969923156356,0.0,val
0.10000000000000009,0,3.9352965942303877,0.0,val
0.19999999999999996,0,3.8312577370662924,0.0,val
0.04999999999999993,0,2.99146600606948,0.0,val
0.04999999999999993,0,5.196323642053691,0.0,val
0.4,3,0.04140550793405754,1.0,val
0.04999999999999993,0,2.482722166558192,0.0,val
0.04999999999999993,0,0.043192887568494154,0.0,val
0.04999999999999993,0,0.2682466780750823,0.0,val
0.30000000000000004,0,4.083482098287755,0.0,val
0.04999999999999993,0,2.6952803498240128,0.0,val
0.4,0,4.270826461309735,0.0,val
0.10000000000000009,0,1.9423915089634687,0.0,val
0.30000000000000004,8,0.077835860298546,1.0,val
0.30000000000000004,0,5.959557693968027,0.0,val
0.4,10,0.035365827619184054,1.0,val
0.04999999999999993,0,3.8922741668151115,0.0,val
0.04999999999999993,0,5.8144348682806495,0.0,val
0.10000000000000009,0,1.089060209454347,0.0,val
0.30000000000000004,0,0.14836421111190656,0.0,val
0.04999999999999993,0,5.349901454652537,0.0,val
0.10000000000000009,0,2.0554976168709467,0.0,val
0.19999999999999996,1,1.9195546837225013,1.0,val
0.30000000000000004,0,0.9039001742121344,0.0,val
0.19999999999999996,0,0.6928692623586987,0.0,val
0.19999999999999996,0,5.53961747416941,0.0,val
0.4,0,5.320651967607924,0.0,val
0.04999999999999993,0,4.467646121521732,0.0,val
0.19999999999999996,0,1.8524687670438984,0.0,val
0.10000000000000009,0,1.1024057947873405,0.0,val
0.19999999999999996,0,2.3508082052405763,0.0,val
0.10000000000000009,0,4.981471240512287,0.0,val
0.4,0,2.7234263523946862,0.0,val
0.30000000000000004,0,4.474184381746357,0.0,val
0.10000000000000009,0,3.977807241471033,0.0,val
0.19999999999999996,0,0.43203618097230523,0.0,val
0.10000000000000009,0,4.594787289265005,0.0,val
0.4,0,4.868275661633966,0.0,val
0.10000000000000009,0,3.7878220703708694,0.0,val
0.10000000000000009,0,5.081761398433034,0.0,val
0.04999999999999993,0,0.16116620833120243,0.0,val
0.10000000000000009,0,1.133387206540737,0.0,val
0.04999999999999993,0,4.0988088312301905,0.0,val
0.30000000000000004,0,4.013984115795798,0.0,val
0.04999999999999993,0,0.17199453058986625,0.0,val
0.04999999999999993,0,1.483313296148432,0.0,val
0.19999999999999996,1,1.162123223587451,0.0,val
0.30000000000000004,0,0.9406870161819476,0.0,val
0.10000000000000009,0,0.9113027655776031,0.0,val
0.10000000000000009,1,0.3228457018874546,1.0,val
0.04999999999999993,0,1.204484027687811,0.0,val
0.19999999999999996,0,5.06005586298763,0.0,val
0.4,0,5.470337700309818,0.0,val
0.10000000000000009,0,5.008381362508729,0.0,val
0.4,0,3.8067234945069544,0.0,val
0.10000000000000009,0,2.425127511047272,0.0,val
0.04999999999999993,0,2.179695613848377,0.0,val
0.19999999999999996,1,0.8356893536149297,1.0,val
0.19999999999999996,0,3.5765124999781563,0.0,val
0.19999999999999996,0,4.234951422311751,0.0,val
0.04999999999999993,0,0.49383723863894535,0.0,val
0.4,0,0.7899250272093898,0.0,val
0.10000000000000009,0,1.291680101157416,0.0,val
0.4,0,1.8545531980657615,0.0,val
0.19999999999999996,0,5.181526290458638,0.0,val
0.19999999999999996,0,1.1051533151318975,0.0,val
0.30000000000000004,0,0.42407299761951767,0.0,val
0.30000000000000004,0,4.0227897874501215,0.0,val
0.30000000000000004,0,1.4700866470226408,0.0,val
0.30000000000000004,1,1.091561594426842,1.0,val
0.30000000000000004,0,0.8288118467210235,0.0,val
0.4,1,0.31039421056185024,1.0,test
0.4,2,0.28713987355358545,1.0,test
0.04999999999999993,0,3.9771380948185246,0.0,test
0.30000000000000004,0,0.11674267267657878,0.0,test
0.30000000000000004,0,5.07760819681449,0.0,test
0.4,12,0.03410941216512622,1.0,test
0.30000000000000004,2,0.5099723604395504,1.0,test
0.30000000000000004,1,1.354084372733383,1.0,test
0.10000000000000009,0,2.517065299001912,0.0,test
0.04999999999999993,0,1.5295042582588603,0.0,test
0.04999999999999993,0,3.2974847544271357,0.0,test
0.04999999999999993,0,2.9855145007716226,0.0,test
0.19999999999999996,0,4.323910020178905,0.0,test
0.4,0,4.4359738874849395,0.0,test
0.10000000000000009,0,3.78908743365242,0.0,test
0.30000000000000004,0,0.8460999347204783,0.0,test
0.10000000000000009,0,5.617946068219935,0.0,test
0.19999999999999996,0,0.01923213843041216,0.0,test
0.19999999999999996,0,4.716571065733602,0.0,test
0.19999999999999996,0,2.1770399459906673,0.0,test
0.19999999999999996,0,2.507187682752954,0.0,test
0.30000000000000004,2,0.09436644536901444,1.0,test
0.19999999999999996,0,0.4070884622270827,0.0,test
0.4,0,5.942617156022371,0.0,test
0.04999999999999993,0,1.583295623801071,0.0,test
0.10000000000000009,0,1.2263819012952213,0.0,test
0.04999999999999993,0,0.15171829079807275,0.0,test
0.30000000000000004,0,2.556657425418635,0.0,test
0.30000000000000004,0,2.096827971580047,0.0,test
0.19999999999999996,0,0.8341131166098597,0.0,test
0.30000000000000004,0,4.653750634010052,0.0,test
0.4,3,0.04916321129612757,1.0,test
0.10000000000000009,0,3.9579351741676043,0.0,test
0.04999999999999993,0,3.5612034079935064,0.0,test
0.30000000000000004,0,4.841390716630489,0.0,test
0.04999999999999993,0,4.528563676746824,0.0,test
0.10000000000000009,0,5.135701570773379,0.0,test
0.10000000000000009,0,3.4858767007733658,0.0,test
0.10000000000000009,0,5.8237492334310215,0.0,test
0.04999999999999993,0,3.102404765966228,0.0,test
0.19999999999999996,0,5.304089870931799,0.0,test
0.4,28,0.04850024546757775,1.0,test
0.30000000000000004,0,1.0688682768119224,0.0,test
0.19999999999999996,0,1.9545147893457626,0.0,test
0.30000000000000004,0,2.9056067897331372,0.0,test
0.30000000000000004,0,2.7769448238906365,0.0,test
0.4,1,1.680497830470417,1.0,test
0.10000000000000009,0,1.5009435959738595,0.0,test
0.04999999999999993,0,3.9810584023199014,0.0,test
0.4,5,0.27963679856394547,1.0,test
0.04999999999999993,0,3.3880975563711377,0.0,test
0.10000000000000009,0,0.5361019649952681,0.0,test
0.4,1,0.253580589689001,1.0,test
0.30000000000000004,0,2.4097062216198895,0.0,test
0.10000000000000009,0,0.7843069485553793,0.0,test
0.04999999999999993,0,2.8712604550574294,0.0,test
0.30000000000000004,0,5.63706930480446,0.0,test
0.19999999999999996,0,4.438890819179823,0.0,test
0.4,6,0.00415237500290986,1.0,test
0.10000000000000009,0,2.0103022056904845,0.0,test
0.19999999999999996,1,0.7749188390721321,1.0,test
0.04999999999999993,0,1.0697719220506245,0.0,test
0.10000000000000009,0,1.530794067840958,0.0,test
0.4,3,0.2787558319092196,1.0,test
0.19999999999999996,0,1.8190837781071498,0.0,test
0.4,0,0.07598188958313545,0.0,test
0.10000000000000009,0,5.709547604887681,0.0,test
0.30000000000000004,2,0.36758123116166413,1.0,test
0.19999999999999996,1,1.7698088095397313,0.0,test
0.10000000000000009,0,0.8663709225510372,0.0,test
0.4,0,4.471250516154329,0.0,test
0.4,0,3.5790606463895744,0.0,test
0.10000000000000009,0,1.259717018191162,0.0,test
0.04999999999999993,0,4.281889488900803,0.0,test
0.10000000000000009,0,1.4181681186929953,0.0,test
0.30000000000000004,0,2.955468989810083,0.0,test
0.19999999999999996,0,0.7878076255479016,0.0,test
0.19999999999999996,0,0.28408628895789634,0.0,test
0.10000000000000009,0,1.8242441340762685,0.0,test
0.4,0,5.0509178975651325,0.0,test
0.04999999999999993,0,0.4512464393153095,0.0,test
0.19999999999999996,0,1.8111789742626259,0.0,test
0.10000000000000009,0,5.458551045967214,0.0,test
0.04999999999999993,0,1.2463539097747869,0.0,test
0.4,6,0.3929695158547626,1.0,test
0.30000000000000004,0,4.065083813145683,0.0,test
0.4,17,0.1296066391099721,1.0,test
0.4,0,1.341143599276015,0.0,test
0.4,9,0.09769961940761403,1.0,test
0.4,0,0.33939292428079537,0.0,test
0.10000000000000009,0,1.477329550485212,0.0,test
0.30000000000000004,2,0.4387331948056265,1.0,test
0.19999999999999996,0,3.9875219871946728,0.0,test
0.30000000000000004,0,4.079604697825523,0.0,test
0.04999999999999993,0,3.2885390026044923,0.0,test
0.30000000000000004,0,3.746694741193213,0.0,test
0.04999999999999993,0,3.3115744113769736,0.0,test
0.4,0,5.796635497019527,0.0,test
0.4,0,4.007168223890864,0.0,test
0.30000000000000004,1,1.1440324973359113,1.0,test
0.4,4,0.031500674961141395,1.0,test
0.4,0,2.1025386902115715,0.0,test
0.30000000000000004,0,4.116488537643926,0.0,test
0.4,1,0.3196431471671771,1.0,test
0.19999999999999996,0,2.7033095799347575,0.0,test
0.4,0,0.9612551210269975,0.0,test
0.10000000000000009,0,1.8490334714502243,0.0,test
0.19999999999999996,0,3.26797160913869,0.0,test
0.19999999999999996,1,1.1525479589638725,1.0,test
0.04999999999999993,0,0.8656442479874054,0.0,test
0.04999999999999993,0,3.6872771147668493,0.0,test
0.4,6,0.3363707585506853,1.0,test
0.4,1,0.4042443054326454,1.0,test
0.4,0,1.2634649443263628,0.0,test
0.04999999999999993,0,0.6041711104102836,0.0,test
0.4,0,3.4288591301389895,0.0,test
0.10000000000000009,0,5.017460886168481,0.0,test
0.04999999999999993,0,4.0389307149280755,0.0,test
0.30000000000000004,0,4.323390991184035,0.0,test
0.19999999999999996,2,0.06078869338929094,1.0,test
0.19999999999999996,2,0.3439869756298534,1.0,test
0.04999999999999993,0,1.5093141405263708,0.0,test
0.19999999999999996,3,0.34143115697934584,1.0,test
0.10000000000000009,0,3.2594689231164535,0.0,test
0.4,0,5.585110096271433,0.0,test
0.4,0,2.1342921300471307,0.0,test
0.10000000000000009,0,0.0953238364667659,0.0,test
0.04999999999999993,0,0.8036548593870805,0.0,test
0.19999999999999996,0,3.306811272010065,0.0,test
0.19999999999999996,0,0.6909091059339874,0.0,test
0.10000000000000009,1,0.7143779885290606,0.0,test
0.19999999999999996,0,0.6796789000758499,0.0,test
0.10000000000000009,0,1.6548324133296792,0.0,test
0.30000000000000004,0,3.028322435723819,0.0,test
0.10000000000000009,0,3.204919197447312,0.0,test
0.10000000000000009,0,3.516459630001557,0.0,test
0.10000000000000009,0,2.7334553223053195,0.0,test
0.19999999999999996,0,5.643059282463481,0.0,test
0.10000000000000009,0,5.6550900177935794,0.0,test
0.30000000000000004,1,0.24452971335930754,1.0,test
0.10000000000000009,0,0.32605219704917965,0.0,test
0.04999999999999993,0,3.8395670374180746,0.0,test
0.04999999999999993,0,4.957950296589659,0.0,test
0.04999999999999993,0,4.497643095719397,0.0,test
0.4,0,0.4990350685734628,0.0,test
0.04999999999999993,0,3.4589795064289546,0.0,test
0.4,0,0.5039003133306532,0.0,test
0.30000000000000004,0,0.8169901047464327,0.0,test
0.4,0,3.0142152987725996,0.0,test
0.10000000000000009,0,3.957170632339816,0.0,test
0.04999999999999993,0,5.342978236754539,0.0,test
0.30000000000000004,0,2.1750142727731716,0.0,test
0.30000000000000004,1,0.07325334003381005,1.0,test
0.04999999999999993,0,1.567859614274977,0.0,test
0.19999999999999996,0,1.1053549778178298,0.0,test
0.30000000000000004,0,5.023663728482887,0.0,test
0.10000000000000009,0,0.0637016042849099,0.0,test
0.04999999999999993,0,2.6928489260950563,0.0,test
0.19999999999999996,0,1.967027526490243,0.0,test
0.10000000000000009,0,1.2555743421853574,0.0,test
0.4,4,0.752082475790092,1.0,test
0.4,4,0.06939700065358834,1.0,test
0.10000000000000009,0,3.336778181777147,0.0,test
0.30000000000000004,0,0.7110803822619856,0.0,test
0.04999999999999993,0,3.1396194155972585,0.0,test
0.04999999999999993,0,5.689788410510344,0.0,test
0.30000000000000004,4,0.16502440804227148,1.0,test
0.4,3,0.16997545581341264,1.0,test
0.10000000000000009,0,2.548351346156137,0.0,test
0.04999999999999993,0,2.3804475122054987,0.0,test
0.10000000000000009,0,3.123494671300649,0.0,test
0.10000000000000009,0,4.632387512867767,0.0,test
0.4,0,5.59046584033617,0.0,test
0.19999999999999996,0,4.330898581610416,0.0,test
0.04999999999999993,0,0.28377728883632836,0.0,test
0.04999999999999993,0,5.4485212319808385,0.0,test
0.04999999999999993,0,1.452002427440661,0.0,test
0.4,0,1.7699643251788144,0.0,test
0.30000000000000004,0,2.9252964523502003,0.0,test
0.10000000000000009,0,2.4322803062170815,0.0,test
0.19999999999999996,0,2.4465974376361723,0.0,test
0.10000000000000009,0,3.64366608410174,0.0,test
0.30000000000000004,0,3.7559119097239697,0.0,test
0.30000000000000004,0,4.043649090900908,0.0,test
0.04999999999999993,0,5.923001053577906,0.0,test
0.19999999999999996,0,3.4439407145980194,0.0,test
0.04999999999999993,0,2.2893026193860324,0.0,test
0.10000000000000009,0,1.1192142331246222,0.0,test
0.19999999999999996,0,1.5236717491054816,0.0,test
0.4,0,2.7996657027099126,0.0,test
0.19999999999999996,0,5.599504209272421,0.0,test
0.4,1,1.7186981312669853,1.0,test
0.4,0,4.008828521151969,0.0,test
0.30000000000000004,0,1.7441705416205073,0.0,test
0.10000000000000009,0,5.369185802608241,0.0,test
0.10000000000000009,0,5.938453449207332,0.0,test
0.4,3,0.2633687498504233,1.0,test
0.19999999999999996,0,2.916309758762312,0.0,test
0.19999999999999996,0,4.8874130574746335,0.0,test
0.4,5,0.018828890345000068,1.0,test
0.04999999999999993,0,1.200948168233197,0.0,test
0.10000000000000009,1,1.2822500142763797,1.0,test
0.30000000000000004,0,3.0840630671904945,0.0,test
0.4,0,4.631614589178854,0.0,test
0.30000000000000004,0,5.350220121042974,0.0,test
0.19999999999999996,0,5.421313234748689,0.0,test
0.30000000000000004,0,2.463325771687056,0.0,test
0.10000000000000009,0,5.060516125879403,0.0,test
0.30000000000000004,0,4.214545207394007,0.0,test
0.4,3,0.5443265422886276,1.0,test
0.30000000000000004,5,0.034085258389751405,1.0,test
0.4,0,2.330850276084818,0.0,test
0.10000000000000009,0,1.5116192014669931,0.0,test
0.4,0,1.7088363771521828,0.0,test
