p_pred,theta_pred,m_pred,set
0.8074161624883365,0.238518680277775,0.10430679826612868,train
0.5556270643867474,0.799768341205108,1.0490008799929844,train
0.8024225618818768,0.24622617496541466,0.00710037554731954,train
0.7919956314366052,0.2626332271380014,1.3971712161310716,train
0.7767270674040763,0.28745352385121725,0.018534787335104518,train
0.5983564155531664,0.6712447197136233,0.0023978138286277688,train
0.7600372764481788,0.3157249400624398,0.025494294851576334,train
0.09354630826581083,9.689892723061938,7.888424550585379,train
0.29715431010133636,2.365254906311059,4.916213719898694,train
0.5152855255497087,0.9406716284785912,2.35597111136986,train
0.6702401000094845,0.49200264201716526,0.07289082231936267,train
0.9317924075816427,0.07320041659856624,0.031139606076407998,train
0.975407166106143,0.025212890317417358,0.018216734869265658,train
0.3796862530436737,1.6337535056476598,2.0478290602371043,train
0.8375071472792336,0.19401966090516187,0.0116778668241312,train
0.7011369930890464,0.4262547973602602,0.03134876995823289,train
0.4934338548554286,1.02661408446121,0.0013583369558184731,train
0.9147597731137684,0.09318318250493318,0.03006086704216041,train
0.6155032336351551,0.6246868340463645,0.005687227183418715,train
0.5059113020544713,0.9766310733503445,0.030952771537561204,train
0.08917271754322069,10.21419227260081,11.305342557548565,train
0.8035239699917888,0.24451794513388192,0.02838645203202524,train
0.966386215234741,0.034782972103026166,0.0005830717035803222,train
0.12199357810172212,7.197152797388794,14.720062937591901,train
0.25592404639422517,2.9074093040073343,0.2292920702704135,train
0.30948559589531954,2.2311681488990533,5.3675047051865485,train
0.2950738024877187,2.388982659826676,3.070503558073267,train
0.8447176732455658,0.18382748659420134,0.000534626509444251,train
0.1842702800368653,4.426811094007883,1.9158708492598295,train
0.03241575330759829,29.849198243546567,25.289299626066278,train
0.27179175722306176,2.6792874449805026,1.1259630011869508,train
0.43113484483988435,1.3194599368821183,0.02322658273049599,train
0.01755303705429946,55.97019820026293,112.09616372978687,train
0.9860835005962356,0.014112901590331628,0.0004713674326689691,train
0.8154363142396175,0.22633733933285205,0.0006747746621292046,train
0.22193796363414228,3.505763609007733,3.1408241004405926,train
0.20593699017606656,3.855854206400931,7.2293060367887625,train
0.42662530079233024,1.3439772515666464,0.09249308959316221,train
0.2928927873245745,2.4142185921834654,3.913976730898818,train
0.20670943507677011,3.837708543050338,6.890491458244435,train
0.09290410630655349,9.763786873965762,13.316485219719269,train
0.36956237371165285,1.7059031739530917,3.9474045897696746,train
0.03999656593269203,24.002146476346084,43.77720878945207,train
0.8685042640983054,0.15140482475145411,0.09002831115310254,train
0.8820547362004524,0.13371649055206003,0.039221578165055414,train
0.7497127185978282,0.3338442515291442,0.20214893052390936,train
0.8941249748978212,0.11841188656460244,0.012790429717797532,train
0.8182250898104328,0.22215758530660668,0.002879634234475236,train
0.0533569470911361,17.741701962294698,21.022283360858353,train
0.4742102627674005,1.1087692074907678,0.04562692570215559,train
0.6048621956855396,0.6532691365619545,0.023367886223864414,train
0.043794599292610766,21.833865731218708,23.54714255250583,train
0.060387000308447826,15.559855513473902,29.84021281653159,train
0.5828020419642088,0.7158484836973378,0.014870191709281274,train
0.06452062411484961,14.498920131645894,13.445651609220011,train
0.8301930861381325,0.20453906048744663,0.0005383187871085151,train
0.14429610163825873,5.930194153872134,12.500590406493464,train
0.3965608905605393,1.52168084095862,0.002587093503068019,train
0.0406178740334977,23.61970311826996,38.35159510956336,train
0.1983921923171869,4.040520941475423,3.6132201293470727,train
0.2336691905038298,3.279554347082869,6.528606545861806,train
0.14452104093659537,5.9194076759986975,8.88129883328713,train
0.07652247584228206,12.068056005676908,24.852397440680846,train
0.7822878786269729,0.2783017956959055,0.006250004993666962,train
0.5386565122046199,0.856470640087851,1.5591916525851341,train
0.8227427938188366,0.21544668335338146,0.03264930010687273,train
0.24719147025420188,3.045447033312435,5.497417964604212,train
0.5235732131668877,0.9099525622240965,0.0026775903416949185,train
0.2323502024203905,3.3038481980347196,2.863227592161767,train
0.39344393454380105,1.54165819371317,0.023848775935146414,train
0.1814737066398099,4.510440154202646,0.4358543358091497,train
0.1833200799067086,4.454939799878437,4.980443360363475,train
0.9900038004585787,0.01009713249261357,0.00010830628708760086,train
0.36860681872340784,1.71291780077018,1.8667847432140152,train
0.9095807045412133,0.09940766663953537,0.07545536851927705,train
0.43744396700023114,1.2860070670479078,2.9743402608875695,train
0.3867947388297743,1.5853505738610711,1.2973196045286914,train
0.7413451198267038,0.34889941709437444,0.025204574961904407,train
0.459786819067301,1.1749209819205921,0.010089051413992309,train
0.9874729056297031,0.012686013255531758,0.0004876579728426172,train
0.9711671710690681,0.02968884224040691,0.0006388513444756964,train
0.374877853292408,1.6675355484923546,3.772793156878093,train
0.2987638349292623,2.3471253314068887,0.0038753136238888976,train
0.02318698629889621,42.12764009558257,55.008115185115855,train
0.04485935363712771,21.291894976666654,8.272147488637726,train
0.5378682240437889,0.8591914437365762,0.004564250266704297,train
0.44268932938685496,1.2589204971013102,0.08731015185422357,train
0.6584045777186605,0.5188229757832956,0.007117189569656681,train
0.03673230441021701,26.223993050701498,28.71533618465482,train
0.8742859718991277,0.14379051264861964,0.007358201551115626,train
0.2625457883979968,2.8088594225860755,4.235016216926724,train
0.745411589108295,0.3415407200688396,0.019854214502502333,train
0.2690153980296882,2.7172593365441524,4.486918126675425,train
0.04507121867988869,21.18710807671619,43.21987559827268,train
0.18723094881418753,4.3409973422311925,7.9820108554461235,train
0.41598943569607333,1.403907200976641,1.0019178082763758,train
0.35929817112572465,1.7832037020029325,1.3592023936969106,train
0.37122947827305364,1.6937515971306065,0.010101961992655424,train
0.07936846746426629,11.59946212833485,6.516611595965281,train
0.34778310874354995,1.8753552856915339,4.005680468264798,train
0.7041456602978629,0.42016070876157485,0.006520685236071353,train
0.4925882657825167,1.030093019799037,2.1625647822279817,train
0.40360255644850157,1.4776849998163897,0.18045226538316825,train
0.35462296101967866,1.8198963685955691,3.092042352237308,train
0.12244346593964267,7.167034413195559,3.8112874122056173,train
0.9342139788133887,0.07041857933893336,0.02296192721552902,train
0.7630747554800837,0.3104875935397131,0.001118387442138717,train
0.818470384184983,0.22179130646954404,1.0559560400797257,train
0.22967065102014766,3.3540608935369622,6.891556913807506,train
0.5674702864707664,0.7622068041998102,1.2438217206993811,train
0.15246747431009358,5.558775925979895,8.747946437467519,train
0.8197214625098735,0.2199265796190557,0.0015820034411024512,train
0.05037969136326075,18.849268086807832,15.448445577824744,train
0.32648534994469164,2.062924569722364,2.8540931379486603,train
0.8280034777600724,0.20772439592308856,0.003511325016289863,train
0.9050401951025571,0.10492330109899961,0.0002247539969998922,train
0.6095291915525416,0.6406105135881743,1.105935866529194,train
0.9656135822185641,0.03561095081371035,0.000168938205421663,train
0.8658578116848958,0.15492403776328278,0.10907634897492108,train
0.961265384104777,0.04029544445865629,0.0004562850070884794,train
0.7142643713614373,0.4000418333815683,0.008058774421363223,train
0.021907515461530764,44.64643588890687,82.17540603117739,train
0.7702220005461781,0.29832697493824156,1.4100221287321837,train
0.18965915730117305,4.272616488599229,5.063321787357155,train
0.9071544259034228,0.10234814651773716,0.0003832707597160412,train
0.45527559494403386,1.1964717878693412,0.007248208318913719,train
0.7548545927725833,0.32475844960682676,0.007189941701706579,train
0.7418787625147656,0.3479291368447779,1.2222204704848063,train
0.7901916930956541,0.26551570807129243,0.004700057482385831,train
0.6514087078292832,0.535134529184208,0.0009189683018982344,train
0.27162915413314465,2.6814899460675323,1.3440041751879466,train
0.07237219310368766,12.817461612187154,2.2708772303923856,train
0.4735954811953685,1.1115066332051384,1.3679668759312715,train
0.4799986394077592,1.0833392386983398,0.004426342990731934,train
0.9164103184774561,0.09121425177907372,0.0028723718530903677,train
0.9560416284893427,0.04597955800326048,0.008005410666955327,train
0.676951789154335,0.4772100702314783,0.08894737289641923,train
0.7993281893123508,0.2510505864434531,0.0010549288416180273,train
0.9573866425608923,0.04451008144956159,0.007263581692496724,train
0.242012853229093,3.132011943404448,3.2675404906641776,train
0.07468155303521268,12.390187527681642,13.222162118643194,train
0.18506235548419483,4.403584091338363,5.734889251455071,train
0.04923684361164102,19.309994033889915,31.240605008880394,train
0.9688675340040314,0.032132840562122844,0.004683329898003821,train
0.7417821200389048,0.3481047506881836,0.001051639514511682,train
0.3453183745147522,1.895878336637077,2.6456169848101125,train
0.17429530203607962,4.73738929459497,5.419342446743565,train
0.28255423734244056,2.539143526586203,4.288237812529953,train
0.7713150964317999,0.29648700592808974,0.056907709471521996,train
0.12566854398169372,6.95744080671191,14.86528288400095,train
0.07544150064494352,12.255303665105782,23.350838902165556,train
0.2819045587125932,2.5472998541308383,0.30769258104591596,train
0.22501531773766237,3.444141892446031,7.844199229527649,train
0.22385520498159767,3.467173323408792,5.197093946419251,train
0.7474547346148045,0.3378736580153485,0.06890534628245353,train
0.08118972239975279,11.31682989475334,8.085578641377033,train
0.06922578611621828,13.445484206147844,23.992230234759038,train
0.6297419202834523,0.5879520924220691,1.171630348755919,train
0.19245874719046865,4.1959186817855585,6.214216145336691,train
0.26518644890081156,2.770931750641726,3.1649113172867533,train
0.9271048505711476,0.07862665089492848,0.001460973594617698,train
0.046941894911351346,20.302932101238692,20.7119633178976,train
0.9668594122909532,0.03427653212841042,0.004706985983691188,train
0.6608472876805608,0.5132089041475771,0.3497590564848505,train
0.18555529204746754,4.389229210149321,1.9107216292510494,train
0.20388970743853957,3.904612462114791,1.4040044043827093,train
0.6143100366169583,0.6278425231452496,0.3417494236105562,train
0.6564320406075222,0.523386943566174,0.20307539049250914,train
0.11412330473553199,7.762452176769576,13.390848928640915,train
0.34234752318510103,1.9210084264559386,0.2517217361818117,train
0.7038792561960169,0.4206982109464512,1.4463198565982212,train
0.8118230293510476,0.23179555623024983,0.10561689697145689,train
0.6207313480951726,0.6110028969354979,0.0009788330532129637,train
0.600014566821457,0.6666262042560782,0.25222040831337733,train
0.8779012714279328,0.1390802503036246,0.021828282287873684,train
0.6405032183186766,0.5612724048834661,0.07703426866055699,train
0.689697421560998,0.4499111766094348,0.0019823854843112397,train
0.5527154652617632,0.8092491758420495,0.002140388431272208,train
0.15452602048894476,5.47140201265678,9.357325315817302,train
0.43886284349476057,1.2786162347142032,0.09280690836045243,train
0.4215786226332811,1.3720367834444747,1.8282629537946014,train
0.0712111315069688,13.042748357426943,23.03986225433459,train
0.2621482085732292,2.814636023807339,2.2478216294550504,train
0.108729895378379,8.197102567973687,17.271016349479652,train
0.059564379947668694,15.78855720278742,1.2117898172578727,train
0.2305950315946401,3.3366068778007607,3.5632391934344274,train
0.9884631641763756,0.011671487862916274,0.001104719118618481,train
0.6087744208088809,0.6426445754263068,0.38630815881797526,train
0.18706095698915914,4.3458509787157436,0.022593495440738066,train
0.14594891320910897,5.851712547987565,11.348186027355139,train
0.4856817243605946,1.0589615582437473,1.507059137652729,train
0.94364612449389,0.0597192888767859,0.018736145959826245,train
0.49423744900075994,1.0233189573590211,2.587704296039963,train
0.35053158445375415,1.8528099730537422,2.4320388473779335,train
0.8556282244856178,0.16873189941948774,0.012756659863707906,train
0.1679272199345489,4.954960728759511,10.774815545305957,train
0.5054386934904168,0.9784793148587072,0.557287341866767,train
0.6580474711029921,0.5196472046672274,0.028010177009202938,train
0.5024025925847779,0.9904355884295222,1.294757586105497,train
0.10829424103268244,8.234101374774003,15.543651242554443,train
0.11833884571584417,7.450310580189406,15.839665715130991,train
0.49590135978253536,1.0165300624271811,0.005669042147978325,train
0.7607322044956735,0.3145230267501937,0.0009819220994171372,train
0.6552281838244033,0.5261858764426917,0.011417294874598534,train
0.8093325475347218,0.23558604314884324,1.1757918141990806,train
0.06093645031653397,15.41053909122548,22.430645425410937,train
0.04299108577248269,22.260636060512578,44.77877109784766,train
0.6284289676170483,0.5912697401456826,0.0971489650625883,train
0.5939638752947313,0.6836040735706177,1.7261134150713762,train
0.05936415170729093,15.845183014333937,30.763057577952903,train
0.11143851255123832,7.97355839652122,5.259416184815084,train
0.8653631586505129,0.1555842076284435,0.002121269102893615,train
0.687064640728988,0.45546712888467367,0.011475764252685766,train
0.7826542460821759,0.2777034111880401,0.019175772249142874,train
0.38498456114351126,1.5975067598288142,1.9441616100150443,train
0.43010447510603816,1.325016496871974,1.1055148040236928,train
0.7296922100223774,0.37044083281269113,1.5602058366141143,train
0.9707133466478626,0.030170238673726146,0.00011629082084727642,train
0.994744243332742,0.005283525592115312,0.0004831543645436492,train
0.6360332487659067,0.5722448503129307,0.1664317005193344,train
0.28215663820782544,2.544130686953533,3.034354827986218,train
0.9151624894896047,0.09270212829386182,0.025435053960111958,train
0.9577552953512299,0.04410803558468235,0.009179211425541114,train
0.3832408664228697,1.6093250684194924,0.07143620648353993,train
0.15970084962125064,5.2617074509723505,3.5425878265457293,train
0.6632544659056103,0.5077169493832145,0.017116037486562943,train
0.20852516693661183,3.7955842198365595,7.575686234778369,train
0.6421696998075929,0.5572207787125747,0.002402218866165678,train
0.0927727864867196,9.779023007389666,7.213594249109261,train
0.6136808025775189,0.6295116220026813,0.03866876386292359,train
0.41299281223249695,1.421349646727129,3.0906486260308546,train
0.35219302425227705,1.8393520914363615,0.1270695520037563,train
0.23582868653357403,3.240366236605545,6.287685848279801,train
0.06969240147323463,13.348766563655435,21.004255752445275,train
0.19833193115530667,4.042052453051221,2.572632284437135,train
0.7204841638051206,0.3879555585492147,0.0010016334258657368,train
0.7585539954331391,0.3182977164717111,0.20551617173038692,train
0.21574609790953217,3.635078037051337,6.8941610214748,train
0.2596153023855509,2.851853071876767,4.387234469364382,train
0.7049818618349669,0.4184762107171709,1.2279370628798056,train
0.6395730082014032,0.5635431564133448,1.1307566623357495,train
0.87158759162835,0.147331616013191,0.0038334820245749723,train
0.9204806050995116,0.08638899555291735,0.014602866002503106,train
0.4839785093002439,1.066207446784861,0.02148638860040687,train
0.9588529056197118,0.04291283275998903,0.0002761806794344421,train
0.49175594215481994,1.0335290624412408,0.6340249570093301,train
0.8113728550376025,0.23247899383281156,0.0364688253424934,train
0.21216431343885161,3.7133280040906236,3.7046792299616707,train
0.8993113243117393,0.1119619790902997,0.0023554933998798998,train
0.11848424475695862,7.439940703097319,12.024708930882506,train
0.42578710377957957,1.3485915640077195,1.7357938194345832,train
0.9293320966625839,0.07604160406295946,0.004343940973961463,train
0.6746168204767443,0.4823229567464846,0.06207193716251496,train
0.19621633153993737,4.096415737425315,6.28562966853702,train
0.5606461015370796,0.7836563872617293,0.028373104387727596,train
0.8617435391749358,0.16043805905111386,0.1360136097559949,train
0.20118812839498837,3.970472204188516,3.3315106903464953,train
0.3068396790644621,2.259030914935601,2.601495248910628,train
0.5576223912150515,0.7933282733159508,2.206527455271369,train
0.37086289440795955,1.696414268125654,1.2130919591736176,train
0.3160937541142629,2.1636183473543604,2.595535742132608,train
0.9562889519454988,0.04570903801154902,0.00135471936061918,train
0.11951034943195428,7.367476162132478,13.674673937834237,train
0.41823601535848137,1.3909944702941783,0.0015238686821724442,train
0.5994105821347585,0.6683055484916041,0.2278585802227687,train
0.9675708135291854,0.03351608586924004,0.0008644989987737969,train
0.8638135869590532,0.15765717869798035,0.08123645288362237,train
0.7139785233122508,0.40060235336050987,0.006935245350510794,train
0.8379264983699372,0.19342209841239422,0.00636128974735295,train
0.21646069563916243,3.6197763388277604,1.3069839463293373,train
0.3543793624839084,1.8218347507338488,0.7603804883055776,train
0.7986860871221996,0.2520563662291506,0.02161104100272571,train
0.4092186624581374,1.44368131695924,1.7958569981550645,train
0.24473259872389844,3.0860923522827317,4.0775290665350745,train
0.25495013626306623,2.922335616907323,5.206869515474937,train
0.10459228166513183,8.560934937834636,0.01611622430940163,train
0.060722388185473,15.468390487962338,5.8318277153433025,train
0.5063547311090029,0.9749000820231899,0.0013164547956645704,train
0.26042353218855707,2.839898766429294,1.222673915701726,train
0.6288874791383519,0.590109571540707,1.3522931946154868,train
0.7424267554140367,0.3469342163488165,0.051220006083129904,train
0.34250498080110847,1.9196655700043581,3.2312147240226605,train
0.9459121355301661,0.05718064335808393,0.00020569639956257614,train
0.1481547661682359,5.7496984799291475,2.5796814168581133,train
0.05971222179804033,15.746990312673617,23.080019989638714,train
0.9162284358815705,0.09143087120825566,0.07748458260141981,train
0.7912761484111571,0.2637813006343612,0.05837566265455585,train
0.3017186663063537,2.314345818381147,5.051785921033831,train
0.8595686321095051,0.16337423522058514,0.005498989403214809,train
0.46015508381325676,1.1731803802168286,2.3041845952326887,train
0.025750107870322874,37.83478877199209,73.4286413568588,train
0.7756777889893518,0.2891950938841794,0.0005882848939544502,train
0.3044292278506322,2.2848357139040822,4.1707781544289695,train
0.16868745795643628,4.928123004012848,5.437828419182061,train
0.8247042267538959,0.21255592921608124,0.019398819481789564,train
0.9629512152509783,0.03847420737650298,0.00034663878140776366,train
0.82274880899574,0.21543779713350864,0.01978939167376334,train
0.41239396961948827,1.4248657198423387,0.0220039611398756,train
0.1157336573605216,7.640528803863017,1.151960203311511,train
0.9462341352615954,0.05682088896902937,0.00022011449174574925,train
0.38061746595604457,1.6273098043154035,2.570643854309219,train
0.5222471351266788,0.9148022703033789,0.0015935338202099675,train
0.608025834410568,0.6446669588791722,1.3655967773895392,train
0.9965305610182495,0.003481517895653319,0.0001326889526664763,train
0.543397068163968,0.8402749270966874,0.007665493907718262,train
0.09852781615640033,9.149418093390272,15.304515357408548,train
0.285547343253165,2.5020462407643715,5.0125779570026765,train
0.5500525155810181,0.8180082295300555,1.2590327072983232,train
0.9670323301265298,0.03409159016344021,0.0014362159975495105,train
0.07701855902524594,11.983883529581613,4.167253222429445,train
0.9430690348093514,0.06036776003588917,0.00036248665451874744,train
0.17374056878429311,4.755708105465833,4.69178521063507,train
0.16923455726161496,4.908958644032306,7.5965499105301,train
0.7507480838594095,0.33200473167943145,0.000600748606988407,train
0.32635822844576745,2.0641176254766163,0.32335287453507766,train
0.8297311996787624,0.20520959123528026,0.0016846311462750626,train
0.06932912188663172,13.423953063118537,26.11375995585394,train
0.08917271754322069,10.21419227260081,15.00133727160286,train
0.08861104311848766,10.28527511703969,10.958738282788651,train
0.07779317238004942,11.85459853873316,9.785304161905643,train
0.7300559432477768,0.36975804285810154,0.032560004571300726,train
0.8384677853384913,0.19265166472233375,0.0017760049365871642,train
0.5012453545209454,0.9950309583531776,0.14282178049477337,train
0.6974659861724574,0.43376167415386657,0.016337816054806657,train
0.6754924541289798,0.4804014373327967,0.0009623828118151736,train
0.24890261700577654,3.0176355396728987,1.5558510360142317,train
0.5736766581399575,0.7431422140170711,0.007048585514790095,train
0.46639601709533524,1.144100642685359,1.3040834031642419,train
0.18241062493854254,4.482136801718202,5.80295927044087,train
0.597318521182898,0.674148656933746,0.002603210871932496,train
0.4134323112981471,1.418775631880521,0.5624722504759601,train
0.9006495322317348,0.11030979777681438,0.051745771884553225,train
0.20040206597405755,3.989968517238001,0.0019488986400889837,train
0.796569795736832,0.2553827741798744,0.005504756356023093,train
0.5652920058687344,0.7689972432269074,0.00408717559872328,train
0.25644371495385093,2.8994911619493497,1.899356473045214,train
0.4597376861128354,1.1751534194535571,0.01592928104773794,train
0.10197354711366562,8.806464797045278,4.172091862143367,train
0.7636669470513158,0.3094713655752912,0.0013863507068043502,train
0.8094794665927051,0.23536178651849182,0.011113152942240852,train
0.7886177186894974,0.26804150642439506,0.2012327312418189,train
0.08603143993658154,10.62365759235408,8.828807350572774,train
0.277531299658478,2.603197193363671,5.708646618111095,train
0.8104210028717169,0.23392655972206078,0.007531280047414644,train
0.05395179818114134,17.53506340312391,35.7932874130458,train
0.9480056274123001,0.05484605901509787,0.005606584100350204,train
0.9063172605157096,0.10336638566387157,0.0029307808248752103,train
0.7934205876233603,0.2603655811294674,0.006752979604599562,train
0.7594957139695464,0.3166631247639893,0.0013097021393016631,train
0.5305938123338743,0.884680855212751,2.3192980243997634,train
0.9931250805042007,0.0069225112030288916,0.001151434919049526,train
0.7738061004449016,0.2923134095544706,0.0006594962699897367,train
0.16200831789925485,5.172522577648461,3.3159148205619906,train
0.3629387617664959,1.7552857543592175,1.0245872341270408,train
0.47383305137368087,1.1104479670654421,0.02434537494743902,train
0.6448238479197934,0.550811129622466,0.3489465550392034,train
0.5329296453811546,0.8764202904959317,0.019229060236464753,train
0.33714675956467716,1.9660673627449272,1.6641515262355762,train
0.42402768338496255,1.358336587878223,0.591515822608788,train
0.5991495223391762,0.6690324580345806,0.0131245068086442,train
0.5357127659368718,0.8666719622616565,0.2109678050570431,train
0.5833855314924096,0.7141323293394206,0.0013480943848714697,train
0.4563475573204728,1.1913122661851876,1.6871103162465109,train
0.6077549927397247,0.6453998929602491,0.0055174855629425,train
0.5872610139242598,0.7028203410229648,0.0014327665731514554,train
0.3164987091117121,2.1595705486654544,3.264047949320798,train
0.20879253301851192,3.789443307876044,1.4390321907892543,train
0.3960663841101481,1.5248292713523872,0.10984911167204764,train
0.3888464370291177,1.5717093041670784,3.527128891867086,train
0.6686507833125487,0.4955489845475409,0.19368073668362948,train
0.13054745147035962,6.660049956831572,11.128368078197255,train
0.8154305909951782,0.22634594659928964,0.0815253407745526,train
0.9188948965309438,0.08826374351979549,0.0014380246417325297,train
0.813450584790645,0.22933097436688987,0.0041784940448056805,train
0.9958830893109202,0.004133929708484585,0.0001327137696759323,train
0.5989785294069983,0.6695089237839988,0.0010030434266957559,train
0.5450170571201597,0.8348049605712256,0.23051442804512207,train
0.045653042181790185,20.904345301196035,41.115978963669015,train
0.21368860030134476,3.6797068191274356,1.2680795868631505,train
0.8051021375519732,0.24207843124183137,1.1885718153199578,train
0.5613029492461805,0.7815691176092723,0.6691832827612274,train
0.4024216615107693,1.4849556960870474,1.1444556430124353,train
0.9642178080437783,0.03711007166401248,8.48084341894162e-05,train
0.35643572046108335,1.8055549502906314,3.2638078849778505,train
0.817937539901258,0.22258724073322367,0.002189161787807429,train
0.450052859030347,1.2219612206320196,0.05502093962885482,train
0.26927727926565354,2.7136441764678456,4.143034909913841,train
0.5711450400716667,0.7508687458347203,0.006721263351026336,train
0.1349527546054946,6.410000654846099,7.261305572554408,train
0.21033307584092598,3.7543639819934738,0.26963998478379525,train
0.12038009503560787,7.307021187383219,15.055930512790507,train
0.5763340206648485,0.7351049289896474,0.001317529457353589,train
0.09792766119075162,9.211619350860603,14.422897968989798,train
0.3208407564912998,2.116811002866205,2.835708864124523,train
0.6583574958279824,0.5189315931496328,0.3361534867297768,train
0.3991484364181889,1.5053336271930107,1.3280063890198952,train
0.8572404425290779,0.16653385723350267,0.013972988808363779,train
0.7933181262672012,0.26052836420781,0.0005444295441847692,train
0.8572223077586396,0.1665585355736694,1.1220418046427296,train
0.6917552643860165,0.4455979614229222,0.26296558150456595,train
0.7099804547595152,0.4084894778388235,1.2388001323057996,train
0.2879986390484904,2.4722386303764092,0.028675527644606954,train
0.24917213222652246,3.0132898934737202,5.144846159709569,train
0.0353703599143811,27.272259666586358,17.400319777723283,train
0.5783317835251903,0.7291112618859605,0.006495547585034795,train
0.2602352118262967,2.842677526158473,5.674728971341835,train
0.21647436368905068,3.6194846491680908,6.145839568683751,train
0.5310309738272256,0.8831293263231694,0.08773785770320211,train
0.3832851337380824,1.6090237057911807,2.949865556536976,train
0.6843497301262497,0.46124116950483596,0.16315689232405547,train
0.954733328313346,0.047412895668597965,0.00015689278114176727,train
0.06349435484763377,14.749431621120989,27.87137362248683,train
0.07903001094434595,11.653420998564886,5.4281463941917965,train
0.24153437439184755,3.1401974460896973,7.245567511526526,train
0.89955702015813,0.11165826911585164,0.0024237749998268785,train
0.09447464288072446,9.584850807666072,2.728616568880261,train
0.14593054822192536,5.852574818531072,8.314559024276939,train
0.5973327573962172,0.674108757000061,0.1067478613452657,train
0.8338836208939069,0.19920810883420348,0.005190685590480194,train
0.38192401419674027,1.6183218724886745,0.0015399258254931508,train
0.9398799749174682,0.06396564102539903,0.022083217915678164,train
0.6504078240033472,0.5374968797959196,0.0099667455953032,train
0.0247988174969431,39.32450338098855,72.94958885298831,train
0.9509176842331727,0.05161573560008792,0.033198388389203685,train
0.023681091144185786,41.22778392732639,81.49127037426955,train
0.7105261801440463,0.40740767609332584,0.0014212936346454427,train
0.6800847353966697,0.47040500683600106,0.0029748389450477662,train
0.5483579366457669,0.8236263819155567,0.14067238773541685,train
0.5910107673008991,0.6920165508437748,0.50128089352588,train
0.17017715126246455,4.876229520716904,10.28917889872027,train
0.7393717495544658,0.3524996060541734,0.0006389477351155426,train
0.22198619859590576,3.5047845601444685,0.30089733884925896,train
0.7195278721428816,0.3898002269485721,0.1448746106475917,train
0.6602887883043007,0.5144888383886053,0.009750757146607149,train
0.6542795546786192,0.5283986681980273,0.09584126795514274,train
0.5833159066469996,0.7143369289347385,1.6309295721734636,train
0.9731081552530526,0.027635000900752216,0.00026450040319315603,train
0.654905115189441,0.5269387531211072,1.4817658746886824,train
0.898741461614981,0.11266703797448474,0.00031399817406868103,train
0.04542366271368189,21.01495740894522,41.38037122461778,train
0.48572969666176274,1.058758208264027,1.2805126546262289,train
0.9151079221170065,0.09276728550945612,0.0014624581681875809,train
0.09517048988256799,9.507458785111982,6.266144819222405,train
0.4838915168126619,1.0665789030295172,1.4260805460201778,train
0.07559278725199459,12.228775341573531,16.6826807196411,train
0.9125592516612164,0.09581925576844141,0.014165376987397676,train
0.6534168058158231,0.5304167127312416,0.023041188635164817,train
0.7736143749930885,0.2926336845911557,0.02329885368720584,train
0.7198458961545835,0.38918622074807896,0.0013971422369500597,train
0.06218987471931293,15.079787980171826,9.959878880507976,train
0.3810549278037879,1.6242935782605024,2.0119640496712794,train
0.9482160760131878,0.0546119447842941,0.00017619776239544702,train
0.2632668445927358,2.798427415145889,2.728530196747153,train
0.9889247119047575,0.011199323833166686,7.804815725200692e-05,train
0.3937642070586515,1.5395909076394267,0.013976217776495882,train
0.04591212119741098,20.78074055215708,38.310479929334775,train
0.1251563300419359,6.990007374496613,11.832042900885407,train
0.5175807408542148,0.9320657069843845,2.0397603177782955,train
0.20583982991116254,3.8581462607678274,0.07317271968186768,train
0.22761468882993346,3.393389570508644,0.07322300186473919,train
0.6746168204767443,0.4823229567464846,0.006707038126881845,train
0.8809501162818661,0.135138053242555,0.004262439331822755,train
0.48007414038347646,1.083011593170201,2.5129042487141433,train
0.8919201261792852,0.12117662854374212,0.001133893065879537,train
0.36149254262871305,1.7663087949980047,3.2232304256437994,train
0.7800268975497582,0.28200707327045693,0.213987801264904,train
0.9459193563265834,0.057172573234398394,0.004546832681572444,train
0.05917124331708418,15.900101196813548,30.683564335586837,train
0.787789972933961,0.26937386150740994,0.0016910712686621602,train
0.9549537717034772,0.04717110883406206,0.014870055858492538,train
0.5497168516902521,0.8191183277813503,0.12754186656215713,train
0.8320760614365771,0.20181320716462237,1.346641573263757,train
0.1539040693171017,5.497553992153478,11.148648450283792,train
0.07896142392455327,11.664411940639377,11.178041862134748,train
0.8746447321395378,0.14332135466456286,0.018341464379996925,train
0.906575992252762,0.10305149104498956,0.015024406196464123,train
0.8378709775957208,0.19350117946501744,0.029733398088368175,train
0.6230292592412827,0.6050610547854327,0.00917501086493309,train
0.17608414396557925,4.679103055386286,6.5646104545239865,train
0.3831815552002633,1.609728955970668,0.03612325217478937,train
0.9249645046332239,0.08112256739682122,0.000270431840821258,train
0.36134272113714405,1.7674557739893144,0.0018033776830179975,train
0.13120383583202294,6.621728386662988,10.546426539196975,train
0.46018252784077557,1.1730507776818566,2.073612378780175,train
0.24779006496397266,3.0356743122263383,1.052383083567788,train
0.8868319500446556,0.12760935141054164,0.02610332966654005,train
0.8510072441748684,0.17507812870570105,0.020580731450550983,train
0.8456698976105179,0.18249449675996443,0.1396547486161209,train
0.48069568386550815,1.0803182420081514,1.9970763032399392,train
0.22229008831096805,3.498626131278831,5.363951851612448,train
0.25766984435746504,2.8809353205208654,0.003996320793023194,train
0.19317517385876795,4.176648634627909,0.16108074712185882,train
0.038508789296448145,24.968097628357146,19.089907373086014,train
0.8893259776683343,0.12444708139734617,1.1192187162889464,train
0.758588533810087,0.318237694652989,0.003920468017612483,train
0.8685042640983054,0.15140482475145411,0.00043428385093071184,train
0.7073222819178031,0.4137826922243184,0.005872794935593051,train
0.77709657465907,0.28684134328956845,0.0012014953863361516,train
0.09248665050725242,9.812371239691332,14.279312164244288,train
0.7743073485681046,0.2914768300330093,0.028568410671208397,train
0.8523041137231021,0.17329012484959283,0.0057556789620524474,train
0.5233694464954786,0.9106961758965406,0.028186531610946673,train
0.9920179052773072,0.008046321220846808,0.007231311218624936,train
0.8229600035144169,0.2151258818527524,0.0031760499576621868,train
0.5813517323713725,0.7201290446335014,0.029929694086379834,train
0.4961498842668139,1.0155199702963777,2.216091547992788,train
0.2808405690339617,2.56073911771298,3.782577504652304,train
0.9847892597022601,0.015445680533050066,0.0022412907787713442,train
0.19024350070300072,4.256421356339281,2.2420034786399827,train
0.8535079206166319,0.17163528989576604,0.0029045757116445896,train
0.7872602950286952,0.27022791104122756,0.002079117029763884,train
0.554578984224897,0.8031696628346676,0.09452740266192175,train
0.08725545549336786,10.460601452891483,2.258668918876418,train
0.9556957465757532,0.046358115104088826,0.003641617881151659,train
0.5039807573767269,0.9842027406068155,0.03847525429796118,train
0.906697887133466,0.10290319872864107,0.033129340557454215,train
0.5724180411894727,0.7469749868854954,2.19534904478875,train
0.5656193319037682,0.7679735178679064,0.09339948630199493,train
0.43755672247639826,1.2854179781318291,0.5500673572329413,train
0.892890396088962,0.11995828869948588,0.06261571721270574,train
0.057494105646204566,16.393087321917744,32.202920993100264,train
0.7690975122134959,0.3002252433790311,0.002710943864521992,train
0.056618949192121674,16.661931460556787,10.365136138618647,train
0.843399970960994,0.18567706240322912,0.005448828158775485,train
0.20076215580551407,3.9810184393952124,6.866717615612151,train
0.0833808573000812,10.993160449299268,5.994183988846326,train
0.08135930866678896,11.291156554630385,21.552293398213067,train
0.9780408678600795,0.022452162135071507,0.00035917912962129444,train
0.15756811175903848,5.3464617861845865,0.2597992113916365,train
0.6180221448981307,0.6180649969506047,0.0031878166888042883,train
0.4678583150844302,1.137399224847674,2.08111806860419,train
0.841961063232485,0.1877033792522027,0.0010191796427902447,train
0.3606525238718012,1.772751980949573,3.3904140467353723,train
0.20410730593239856,3.8993836620978453,0.0027145612311553413,train
0.8778052497116332,0.13920485247554493,0.0007916860967527974,train
0.2548756903639943,2.9234812805092365,0.23629263080402463,train
0.7631173396856472,0.3104144644543556,0.0035444232262755422,train
0.3807329071258685,1.6265131836093296,2.168589550700936,train
0.0546566790581472,17.296025613560193,33.96686173487475,train
0.7345800761299175,0.36132197495530827,0.03985512653949185,train
0.034817391467826225,27.721278586423452,22.884487041609926,train
0.2803110682049516,2.5674652677961407,2.6483358825793046,train
0.25875762037713385,2.8646204836113456,4.736772834096912,train
0.09379975012119872,9.661009210663133,17.686718130814896,train
0.235970332693333,3.237820867505407,4.015785544168176,train
0.9923874619196447,0.007670933352613929,0.00040562616947157574,train
0.7627845209165961,0.31098622557043387,0.013132842251428455,train
0.042634002638953304,22.455456633253867,31.670613699251547,train
0.39937205856874186,1.5039308047332387,2.1437609267349425,train
0.8823864773626854,0.13329025960239438,0.0043514740925927565,train
0.4947875242380789,1.0210695521070292,2.2343928921207397,train
0.9916620731511155,0.008408032408045774,0.00501997119890314,train
0.9887534351233029,0.011374488802958771,8.300135251656264e-05,train
0.6778726111340767,0.4752034284539186,0.0051903804165153965,train
0.9948589696974796,0.00516759707567771,0.0007588926724144115,train
0.14715764348182295,5.795433633887464,0.0031671711535706764,train
0.8998266638618545,0.11132514756589229,0.00035507807937509254,train
0.7368072763107141,0.3572070094192401,1.5626922392461886,train
0.3620702489525669,1.7618949717434678,2.454764371392609,train
0.1746674408230283,4.725165464656876,5.846494325432358,train
0.11741080457931793,7.517103716161326,14.307180165998659,train
0.5908623766019442,0.692441488237939,1.4881652061961292,train
0.07844818490299797,11.747267527432419,15.706759474850408,train
0.10720486094030444,8.32793523753402,3.9567701389052896,train
0.801784343975412,0.24721816722161716,0.0020373194710021562,train
0.09016463124424878,10.090823377196317,5.1881902888808815,train
0.15226084731766418,5.56767657356907,11.903419581742382,train
0.07443797933320083,12.434002493858399,25.694698994934274,train
0.8473912911114863,0.18009237348703877,0.013188783503916422,train
0.7493998271052135,0.33440116187750735,0.11571869591318915,train
0.9264466657273772,0.07939295049961048,0.0005744172670604034,train
0.8444224591123852,0.1842413583494098,0.016200809900487802,train
0.19618803735036539,4.097150741225546,3.1987499853282473,train
0.04322992417259178,22.132124775597234,1.2254423087287702,train
0.0637978789358295,14.674502298200862,2.6423266336877136,train
0.7901916930956541,0.26551570807129243,0.07675628103103091,train
0.1535103957881941,5.5142168050934455,5.162112263267652,train
0.9165987318207336,0.09098994498235657,0.04790120823928283,train
0.5099935967010198,0.9608089326388993,2.536956716041708,train
0.6433556894544405,0.5543501307153909,1.5663748752457782,train
0.10542905948293954,8.48505094235256,2.345567942826179,train
0.9472632229800436,0.055672780005170175,0.0005324048539391359,train
0.26655132293423994,2.7516227231282846,4.085499611475671,train
0.1041162810370702,8.604645786800184,17.52331572544837,train
0.7288760517859624,0.37197538257664475,1.051743708524581,train
0.7080334378926585,0.41236267453177144,0.0033863403491392083,train
0.757909703517205,0.31941838897079045,0.0072814265504284326,train
0.929199171075501,0.07619553603620921,0.0029349921288531018,train
0.15129690477097643,5.609520541836172,0.07847803304551677,train
0.07707598283366597,11.974210165546024,13.98549826741473,train
0.15478869405044246,5.460420162690439,7.682801507377214,train
0.07108604273767832,13.067459116977428,20.075757164996233,train
0.907134182405714,0.10237274638687577,0.006208903694076428,train
0.4391682244861901,1.277031771071237,0.9480870396785005,train
0.2644017127298768,2.782123760376846,0.008299670692705898,train
0.39211521490161966,1.5502708438663788,0.0026503041028727906,train
0.9967141542148242,0.003296678161216926,0.0008680115859451737,train
0.5238622510705814,0.908898757175896,0.015230965619700807,train
0.05293076341511717,17.892604895141133,16.88271478643135,train
0.6587460825885476,0.5180355928197593,0.0046537507952800405,train
0.19721510175610635,4.070605603199133,1.8158148865488097,train
0.9790375207621296,0.021411313451554115,9.446616250730957e-05,train
0.4046906605011546,1.4710231730122838,2.771217055005971,train
0.5952213903326388,0.6800471492483682,0.004399138073934908,train
0.29039748086047035,2.4435560426933534,0.006918177229643222,train
0.778707945482597,0.2841784982433424,0.20759910072966994,train
0.16935761227599103,4.90466520259134,1.6978762392363493,train
0.6768076984478091,0.47752456464871806,0.2547805703384055,train
0.9737567654036404,0.026950502968245083,9.521159029874345e-05,train
0.9709746328716937,0.029893023098309657,0.001471561642069007,train
0.2893450640149127,2.4560810753919076,2.677789340024471,train
0.8503679603228886,0.1759615209635783,0.006458586004774243,train
0.18775434487928108,4.326108435162776,7.519117632643035,train
0.6011730914298753,0.6634144379641558,1.5050451701830216,train
0.650833829498281,0.5364905059881206,1.2181923860335528,train
0.051468666344161376,18.429296910729853,31.93987807006579,train
0.7756777889893518,0.2891950938841794,0.010737763739977944,train
0.10941398629955978,8.139599367690922,8.007381684717062,train
0.30446989555159454,2.284396962098156,2.4066122950439977,train
0.6715189125273939,0.4891613346172228,0.0013195433765098065,train
0.09896588809052961,9.10449175260514,10.063420138342245,train
0.37975624379054346,1.6332680932865853,4.2410010538348955,train
0.25700572924754056,2.8909638432100038,0.022605921116850378,train
0.09489036560291525,9.538477680491491,9.059837901820282,train
0.6527486233950126,0.5319833151066597,0.008400264746456358,train
0.3314720158866918,2.0168459238557066,0.0017600055694778028,train
0.6503599812667505,0.5376099834006265,0.19262721026809396,train
0.21093558306951413,3.7407838234218094,0.13251604138562412,train
0.8896863996354571,0.12399155523760186,0.07727897481317762,train
0.27457828931446965,2.6419485404205347,6.193738360079024,train
0.3038059635572284,2.2915746231282537,3.281547217016045,train
0.979610170267087,0.02081422830405466,0.0008083613522438803,train
0.8247242170051766,0.21252653842432667,0.006324682371771212,train
0.8179844718487363,0.22251709465815184,0.004833451194479793,train
0.2336745912261647,3.279455437378462,4.905374873327457,train
0.847984908579371,0.17926626981522564,0.012471815886855185,train
0.13973855221850692,6.156221272682974,5.226778238929118,train
0.9605409460422596,0.04108003320454423,0.002627171196061651,train
0.10548047389037132,8.480427638572486,9.840442266202274,train
0.7674872266545864,0.30295328087597984,0.011866296011158736,train
0.11826240028883842,7.455772904639581,12.009674418074109,train
0.11907296492411505,7.398211975634416,10.288382503131281,train
0.8135049567971947,0.22924880991142893,0.0034035654489762207,train
0.9819637104934146,0.018367572359188955,0.00010864881664842755,train
0.42417011670543614,1.357544675157886,0.01832044612156076,train
0.2719340879121273,2.6773617006895423,1.3241990821609333,train
0.5600269068474838,0.785628489940283,0.012574764745147361,train
0.9937660917424335,0.00627301364915378,2.7835956485908374e-05,train
0.13720657485252016,6.288280471069805,4.448678706946014,train
0.12074717195109715,7.28176746371337,5.25190825501224,train
0.0867759861010427,10.523925511322815,16.852487475074707,train
0.05618102365760611,16.799604473113124,2.5861877451089663,train
0.07122379507771862,13.040251560715223,0.6526841770979529,train
0.10540556376010737,8.4871652342366,6.538651546330178,train
0.3888879051066674,1.5714350764540024,2.3204504459473436,train
0.43725742933884637,1.2869822967034468,0.25513546989448027,train
0.2706562295463102,2.6947237522530276,0.030734127297249707,train
0.1079887791072718,8.260221369913253,10.788090245791292,train
0.7925042770324102,0.2618228430824028,0.0023567580264373888,train
0.2350320367333496,3.254739115138281,3.086011779325449,train
0.391301672000893,1.5555730311260154,2.688754660532457,train
0.23304135666524067,3.291083841553842,1.438996206109357,train
0.8896863996354571,0.12399155523760186,1.2330261959154423,train
0.17304516923719482,4.778838001708615,6.805372048838622,train
0.8788678445642502,0.13782749725677834,0.030308065948249162,train
0.4678583150844302,1.137399224847674,1.7553622532337774,train
0.8357762333620141,0.19649250610701774,0.027672625124203324,train
0.17211072284537854,4.810213236384951,3.6677761595617,train
0.15249723791718678,5.557495818665563,0.4501338035543209,train
0.7848186949115907,0.2741796372634182,0.009746080736917326,train
0.48149542779873383,1.0768629196994208,0.0411316620266173,train
0.8800342538848335,0.13631940527949715,0.05559186677602311,train
0.2681359897829282,2.729450868604243,4.682829499057504,train
0.08410139808066083,10.890408754452688,19.073608082020808,train
0.5672130540108722,0.7630059691482916,0.06108111999915462,train
0.926896449227974,0.07886916692033408,0.013711202686815317,train
0.14537192849334446,5.878907161541733,7.052355667808692,train
0.10877703772747181,8.193116680612166,12.83688731052882,train
0.09649082483172845,9.363679673626093,18.169337723806528,train
0.8258179168695613,0.21092068792926288,0.0015056151278170053,train
0.2585409231291439,2.8678596328074906,5.838560070355607,train
0.0633493082654968,14.785492018460605,29.509290334814846,train
0.46162770735321446,1.1662477881442457,1.4154205291566693,train
0.7995310869878127,0.25073310628538836,0.024192422687655205,train
0.27530991023833284,2.6322702627533845,1.3959203355410823,train
0.36068247209937315,1.772521753495373,0.001663503970332078,train
0.6451514453363169,0.5500236529404363,0.003594184592800011,train
0.5005757303226648,0.9976997273827333,2.1797430874868304,train
0.28255423734244056,2.539143526586203,2.427305094249829,train
0.11008668978635375,8.083750287529847,6.3123533898067326,train
0.07411291649134596,12.492924679556607,25.163925662723848,train
0.049740735097624326,19.104246510175944,29.15182201858608,train
0.47136209657223266,1.1215112697267071,0.05710687135337815,train
0.157477367183037,5.350118863986932,1.5289867102236927,train
0.8729388696337446,0.14555558789536538,0.009291222830096858,train
0.7029313045663702,0.4226141210440013,0.1564469672607281,train
0.1656178057199626,5.0379981225621675,8.271322215787427,train
0.3070726729423311,2.256558098830898,1.555891703725085,train
0.8179538357962691,0.2225628834254576,0.005923173100772371,train
0.351254165532108,1.8469413266177779,3.1475822022972424,train
0.7221751553266846,0.38470562525463503,0.13581157354958437,train
0.260784534744328,2.8345832162953815,4.6447453622670825,train
0.3556895420962621,1.8114405447696993,2.6028308244873593,train
0.32099639824695236,2.115299752462236,1.8290293241682078,train
0.198703479595426,4.032624501775555,0.005112355790352621,train
0.3392507748567278,1.9476719704540675,2.1066660536350685,train
0.3663449635475011,1.7296676616391857,0.0031164450976796714,train
0.12899123547287594,6.752464703001299,6.1081655537512685,train
0.21671377708018308,3.6143812981027255,4.378668316021912,train
0.12760415346273143,6.836735504789536,0.017517857067266177,train
0.7661277424467657,0.3052653553653095,0.12359544406304676,train
0.766892053451258,0.30396448300602685,1.0609394094174591,train
0.5567532497342346,0.7961278187012806,1.8035900843774024,train
0.2922602355072552,2.4216081372286973,2.4042110435632082,train
0.09595771064451653,9.421257377685727,16.51790554870948,train
0.9685002705688381,0.032524234002186514,0.00035539903942653973,train
0.028492035562636603,34.097527440663555,47.98982948117357,train
0.965225503806353,0.036027328387526314,0.007097203677137496,train
0.125520124396662,6.9668499757047195,1.549401788449069,train
0.9860835005962356,0.014112901590331628,0.0004001149522767995,train
0.5627284614183973,0.7770560200197243,0.0079490702371253,train
0.4635028507106543,1.1574840337373864,1.267671822067245,train
0.6411270332561632,0.559753290890245,1.783045439207263,train
0.7336601454451239,0.36302892587041535,0.016239854669284088,train
0.7254270532126581,0.378498355653206,0.0016686444198736178,train
0.05064134339368774,18.746711540133557,36.478074016115634,train
0.7494116251180708,0.33438015435435586,0.03440851140011157,train
0.7179853257115278,0.39278612555067727,0.07745603252398262,train
0.3389126643395228,1.9506126657993512,4.01748300895831,train
0.8159683339490047,0.22553775482970728,0.0019760070768186154,train
0.05643587366579875,16.719226000146424,3.7952589258092084,train
0.09381780859874463,9.658957131230425,14.173056606022358,train
0.6493404575579844,0.5400241712348604,0.012753138597609107,train
0.20852516693661183,3.7955842198365595,0.005072403942071882,train
0.16930875057572306,4.906369260889156,8.0350391030946,train
0.8140724370519228,0.22839191512415558,0.001326736209140278,train
0.7592861978841207,0.31702644244906475,1.346180535178613,train
0.15756811175903848,5.3464617861845865,11.419486619521644,train
0.6044468068086843,0.654405298755286,1.8398010760419765,train
0.984023623022039,0.016235765691168913,0.001735789576287938,train
0.4737615996352683,1.1107662604353399,0.1819885127685072,train
0.2413630482715373,3.143136271940781,3.389617417571423,train
0.8336086612796701,0.19960365870587649,1.3772007856352964,train
0.07766081848708643,11.876506061628513,8.213975121799683,train
0.4087588630341591,1.4464301338376906,2.286161894809401,train
0.6310119207461904,0.5847561149359433,1.3671313331169948,train
0.6292976357009905,0.5890731877390176,0.011538380789309593,train
0.96620814313061,0.03497368254411626,0.00026123143815092234,train
0.3526904175437966,1.8353478015200722,0.023919481656799278,train
0.6870417391437095,0.45551564486656115,0.020594771754062033,train
0.33794180614091796,1.9590893515643084,0.001767970199158617,train
0.014717926720354836,66.94435242139124,114.66802377466594,train
0.1817589179786949,4.501793315677729,1.75002737799186,train
0.16240851043581478,5.157312799166449,4.949116791681929,train
0.9455827978951324,0.05754884947780381,0.016562941269987624,train
0.2186352430508346,3.573828016224682,5.231035928063717,train
0.8045790885898286,0.24288589422909568,0.033860826171459336,train
0.7249180956207045,0.3794661852712604,0.001552098259535214,train
0.7221751553266846,0.38470562525463503,0.001004750717875334,train
0.5350605732189597,0.8689472744813433,0.17819132688502365,train
0.10855384809533353,8.212017975832472,11.121174242837519,train
0.18261135899310327,4.476110607324089,0.006172867667136282,train
0.6135390108476555,0.6298882097462983,2.0725603784867506,train
0.08409487873854136,10.891330542363836,10.361333859954895,train
0.9641823375989854,0.03714822498222481,0.013926761494521352,train
0.10585053913248864,8.447283010512988,16.85867815230417,train
0.136081227140077,6.348552192071555,0.16937812876483713,train
0.9632973028135012,0.038101110715561326,0.00019974329255975743,train
0.6964489875313281,0.435855343181208,1.3048266178669004,train
0.41886297480238394,1.387415599270362,0.5146652230951664,train
0.057494105646204566,16.393087321917744,5.8511875629492724,train
0.2464962793635807,3.0568563654666985,5.657122793144118,train
0.7979367186290715,0.25323221334906343,0.007967908670823715,train
0.935673603802973,0.06874875590759144,0.01430861326622528,train
0.42654722533491035,1.3444062945546862,2.3059396553354485,train
0.7730144975103584,0.2936367988190285,1.076531051503489,train
0.8344124865658882,0.19844802912238824,1.2463050300433942,train
0.503699970880216,0.9853088302794604,1.4813174039201025,train
0.0992344728242716,9.077143270271009,13.974754503088478,train
0.5961605545649176,0.677400479355444,0.006385578865948593,train
0.17874177336013483,4.594663078480076,3.9931848899297404,train
0.28460321180148196,2.51366379061641,4.415772229789349,train
0.9889247119047575,0.011199323833166686,0.0001674160997767864,train
0.6559053968979534,0.5246101110456045,0.03887914624181864,train
0.3082709177871222,2.2438999020029335,0.2249323927911025,train
0.28128945479809986,2.555056838933996,2.352743034271335,train
0.8264354712728222,0.21001582671647068,0.09336494893650672,train
0.656477958987592,0.5232803878780352,0.0010091510516592633,train
0.14626808010034723,5.8367616455616975,4.8384003808147575,train
0.058864144235398916,15.98827041468537,31.517186063771927,train
0.5021249561225608,0.9915361461458925,0.06351199236618744,train
0.14672130263003955,5.815642868994411,0.0684790938194604,train
0.1438234170747409,5.952970665968315,0.0024008366672943304,train
0.7774209485931204,0.2863044169438391,1.0377788051774448,train
0.8282778398800001,0.20732434438289293,0.036254632072980277,train
0.09249659653184751,9.811208601126095,6.531386942240587,train
0.13500759522649514,6.406990683171215,2.4511107140217026,train
0.31854690402392194,2.1392551218294145,0.4753513305426672,train
0.8685042640983054,0.15140482475145411,0.006233514669001716,train
0.038579844136815394,24.920270606944598,40.55243425987682,train
0.8324982311064579,0.2012037535153901,0.15696429040713533,train
0.8258660443297056,0.21085012135548697,0.01831287746086045,train
0.6821340835168386,0.4659874417128651,0.0048703631934220405,train
0.8106723790240754,0.23354393941957885,0.09292106635945242,train
0.9373177843771004,0.06687402785657737,0.00015088702017851754,train
0.21720138690435173,3.604022166950373,5.584713804789539,train
0.7278066519573234,0.37399128918464086,0.0008683183614623176,train
0.859951596271798,0.16285614717777452,0.003352067070916743,train
0.5575757740423112,0.7934782079038389,0.1935904808330228,train
0.7865344316506447,0.2714001571442588,0.0008272154182183392,train
0.5972019802153483,0.6744753586372982,0.04433725662532548,train
0.7891857017183408,0.2671288871841453,0.005816276525523373,train
0.032552722418475476,29.71939689543277,56.376616319458535,train
0.6726250704675134,0.4867123512136442,0.0009820952776941922,train
0.9448830191300996,0.05833206836613858,0.0001746488887561508,train
0.9166253197404163,0.09095829938801492,0.005584062032655901,train
0.7986723246784766,0.25207794122899196,0.00836985803259376,train
0.4042840587328485,1.4735083622498246,0.0016344364048950539,train
0.11409739558204862,7.764441948027548,2.4671889287662614,train
0.5758131410196233,0.7366745021297121,2.039509717114827,train
0.18276698085702592,4.471447825590965,0.0037167316416364315,train
0.028365348904451367,34.25428167192649,34.89024062728415,train
0.3901057549671615,1.563407453663888,0.7727234501125805,train
0.882152055847261,0.13359141813658448,0.0026541738948689148,train
0.38372453034189985,1.6060361559606227,1.818725189992925,train
0.22484814216206084,3.4474461313504783,2.3017772787948045,train
0.22948731832646546,3.3575392631387757,0.049823733786721516,train
0.9907855727324468,0.0093001225705589,0.002362457190481315,train
0.19402311699114583,4.154025022933914,6.596332241247256,train
0.9662062125564087,0.034975750522426186,0.00013499842444563985,train
0.09892405593648675,9.108764653180422,8.01548196788691,train
0.9337442268500238,0.07095709000899464,0.00015816328706957252,train
0.1537362613670332,5.50464627608303,6.1410557194141395,train
0.5820488335489347,0.7180689013715322,1.162096949517064,train
0.15882909836089157,5.296075532254168,4.485907276980165,train
0.289720185693334,2.4516062372626335,0.0032928339646601046,train
0.40508955021983034,1.4685899684584038,2.180573312780331,train
0.7997215541438204,0.2504352231328779,0.08462160345439826,train
0.5961304550658285,0.6774851737604541,0.0017987677917009105,train
0.7874686987012192,0.26989174509324765,1.0591104857841065,train
0.9717897863630334,0.02902913164229126,0.00509415988394962,train
0.9658561680600919,0.03535084525937804,0.009626655691153736,train
0.49531109965963316,1.0189331526936867,0.01358427512346752,train
0.6572882530930638,0.5214025129677959,0.3318448247666363,train
0.7499184109879182,0.333478396246643,0.04192812907720075,train
0.3603541866136681,1.7750475425226275,3.533438537654387,train
0.9454881090712127,0.05765476097032707,0.0010260195081357956,train
0.6385393883506139,0.566074103248448,0.004360709550727974,train
0.9684663581588396,0.03256038950192264,0.019534803579397096,train
0.1708833696079048,4.851944529736974,4.470885922721547,train
0.8732801676471434,0.14510787837341432,0.0027932572384581915,train
0.44035165505446605,1.2709123231893211,0.10847663691249558,train
0.8203771158376708,0.21895160249432344,0.07660110609315517,train
0.9111942939267625,0.09746077940252684,0.0011321462524395659,train
0.09504462754187845,9.521373231321059,5.463330959110448,train
0.7585113090308561,0.31837190572371576,0.22198903953454005,train
0.9176362560155554,0.08975641867298711,0.002200922609641259,train
0.9477330394174984,0.05514945497165136,0.020416325050685004,train
0.09392833514996458,9.646414613901277,17.397815328335003,train
0.36845056289604855,1.7140683193422923,1.8780391644977905,train
0.8955956870314817,0.11657527440152604,0.0008042267512485225,train
0.0810896460979095,11.332030636717505,14.283205605131268,train
0.6011242150365553,0.6635496873789861,1.8038781817813583,train
0.16352102015058168,5.115421730363041,2.7813869304491297,train
0.8666426859704076,0.1538780816920735,0.015578135098765001,train
0.4741887321918613,1.108864956317415,2.720009784842026,train
0.5932806202614087,0.6855430058702816,1.7834952536523618,train
0.34653728801758066,1.8856923470505937,1.6801307445186764,train
0.8909800801769994,0.1223595479276518,0.00047783775830797186,train
0.8229217550193106,0.21518235956288945,0.036464288931633525,train
0.19914005072736085,4.021591570090953,2.6998526893790866,train
0.3983130783726366,1.5105879126179813,3.7342483553274937,train
0.6053102856644197,0.6520452793931109,1.2003808593558982,train
0.8285689916175641,0.2069001013998384,0.003259541003639905,train
0.040413813015032066,23.74401511255684,37.27449760200954,train
0.7650193125462508,0.307156543109548,0.013919595027116382,train
0.7091381798858754,0.41016240327228504,1.130528368137018,train
0.2707302207801494,2.6937139751829378,4.280521427544092,train
0.4045679482913323,1.471772675575112,0.006908896597744538,train
0.051358830529885255,18.470848336745302,27.381904948751934,train
0.06740624147146265,13.835421441252787,10.704191161726328,train
0.9035196089422503,0.1067828413493972,0.0012697630941921826,train
0.10793814908302238,8.264565017052808,9.672828502517241,train
0.7234048896064235,0.3823517291181999,0.000943679244899367,train
0.6453341627422503,0.5495847852694651,0.1966397280163208,train
0.8652097498392702,0.15578910222147835,0.0008591286629723197,train
0.09205663092121608,9.86287853458183,12.567776436070023,train
0.6139980276500743,0.6286697268837376,0.0033824490676590264,train
0.9344616014416259,0.07013492952226796,0.016366440735626774,train
0.7851358435227251,0.27366494377995587,1.4580520485405193,train
0.12924035762065467,6.737521145950342,7.858793292455259,train
0.960538885657322,0.04108226635267731,0.0007631872673648138,train
0.8002071344584573,0.24967643618517998,0.0008313815189315857,train
0.459190696024448,1.1777444723025452,0.006609555139537237,train
0.15377365800658488,5.503064393234231,6.301685887947012,train
0.9113229110737076,0.09730589218020902,0.005920093994761912,train
0.2868939861842248,2.48560809273243,2.596437650579413,train
0.36233583290094845,1.7598705653640652,0.002721559434418172,train
0.5015552850569978,0.9937981510579796,2.46716906007825,train
0.6768185197791479,0.4775009412069713,1.098927428418206,train
0.6916738414097295,0.4457681354001446,0.013154696553098262,train
0.10961955062075433,8.122460312391294,12.957283725581535,train
0.7499589860301306,0.33340625104507216,0.00700108912724535,train
0.8765953847048782,0.14077716749178215,0.03906599362591521,train
0.3339597801003532,1.994372554981037,0.033567619115860085,train
0.22554377569745063,3.4337290927567965,5.829831651373235,train
0.17517654764495336,4.708526703168013,3.5208138754211658,train
0.6507484363163333,0.5366921289287481,0.0008827363088160623,train
0.4387706874342708,1.2790948179504427,1.7618830530351968,train
0.6222512510353652,0.6070678818822748,0.007374790839012343,train
0.26991659421882086,2.7048481694656457,0.024484307457192808,train
0.11974862912626096,7.3508262875027715,9.677032142794822,train
0.8253180373259733,0.21165411971365056,1.2960573077470017,train
0.6467197352759997,0.5462648585684977,0.0015257422003016894,train
0.7214588560603249,0.38608042801041575,0.047672344873553256,train
0.0991537527055157,9.085346975923104,0.009690709201708125,train
0.093828896548129,9.657697540832274,9.000052858708564,train
0.7615840365009107,0.3130527322952945,0.006756322257616613,train
0.8084659946313153,0.2369104039509169,1.3206924794220745,train
0.47754962315694605,1.0940232208524878,0.0032166046269239677,train
0.3520387456030487,1.8405964186896018,0.001621139517818258,train
0.6647913723549371,0.5042313146418098,0.3154366947198331,train
0.09936232992605006,9.064176240072522,0.00212888672384223,train
0.8833993491615558,0.13199087247360008,0.0010297741461434103,train
0.2562964012031489,2.901732506994381,5.069310002310512,train
0.46138719857722826,1.167376995035152,2.064698588791157,train
0.10191779871652344,8.811828871828594,1.6490385332029691,train
0.36535412464907613,1.7370705092230816,1.4856443251701104,train
0.0785973045356051,11.723082628705079,16.14576412493353,train
0.10374463645742207,8.639052524998831,6.978144949329328,train
0.8620506716492222,0.16002461675119584,0.031101678772691002,train
0.7023030791257047,0.4238866804412953,0.0026910408907481385,train
0.1987259345420184,4.03205584265883,2.630889834185907,train
0.11222799686466917,7.910432583108976,11.230877511329957,train
0.30371856733053776,2.292521786828058,1.9227360479756255,train
0.12383925904571996,7.074983714419769,14.741874333731815,train
0.661529895418028,0.5116474809775438,0.0613704544840789,train
0.5590222784298475,0.7888374731839805,0.0021650917476987836,train
0.554853286773516,0.8022782307283822,1.9126625443303593,train
0.3429518541407525,1.915861185545844,4.0870971939223955,train
0.7128777316955438,0.4027650963672975,1.744421135919185,train
0.7899238108554026,0.26594487500903075,0.05477545889505057,train
0.3211467650292244,2.1138411122061274,2.4112607306082707,train
0.38584067361377156,1.5917433500051503,0.004191677663409716,train
0.7768449670238421,0.2872581305779498,0.1301454683183485,train
0.965109962068995,0.03615136026179644,0.00035993941138593024,train
0.29092072479341624,2.437362534793983,3.668000925705547,train
0.710129807727254,0.4081932473732732,1.4361582511898423,train
0.02163467263893248,45.222099899050896,83.5611310157844,train
0.5958824636472768,0.6781833012490432,2.247278047069102,train
0.8261567802341777,0.2104240065869165,1.186125173310941,train
0.9708472395282717,0.03002816435456257,0.023404903272265527,train
0.1513212907650007,5.608455392790578,7.13015576537213,train
0.25875762037713385,2.8646204836113456,5.293242324957397,train
0.7890014929624889,0.2674247246925583,0.01078301864226824,train
0.36028765222092984,1.7755600111068919,4.096896046909921,train
0.6835981434867399,0.46284774107113646,0.01496715097434722,train
0.8993435088129121,0.11192218568403223,0.012568212811615553,train
0.19754115356762297,4.062236308434215,6.901462051125416,train
0.47823882286805475,1.0910054813260075,0.7467091470889113,train
0.6419692278694705,0.5577070622508509,1.7400892050099235,train
0.9926537005340114,0.007400666981885573,0.000891987809449017,train
0.36845056289604855,1.7140683193422923,1.1363674438908686,train
0.6901122051992371,0.44903972494052247,0.043317203360168054,train
0.35462296101967866,1.8198963685955691,0.06471578623156676,train
0.8732000446123414,0.14521295111013388,0.0006259652301484003,train
0.9912831290201142,0.008793522985206526,3.082548506344998e-05,train
0.12499853243956445,7.000093924970599,14.569717568655818,train
0.05108673580400751,18.574552655633845,30.333171161912997,train
0.1607256270488678,5.221783161536243,9.174270169875763,train
0.6113700419873249,0.6356705944396475,1.446024735211143,train
0.14566849155114112,5.864902556150389,7.182020302886897,train
0.48069568386550815,1.0803182420081514,0.0018703642418422695,train
0.7977149571521415,0.25358060674958405,0.014742470148681944,train
0.16540912783708422,5.045615578028597,2.2664430367294406,train
0.22869335657322323,3.3726674660958897,0.2561017688631031,train
0.9392309666783453,0.06470084087683836,0.0004303128026312536,train
0.7613681226265451,0.31342509658827034,0.007489431222461294,train
0.04078338491946496,23.519789173328846,45.85659948167946,train
0.674085513618342,0.48349130755268876,0.26600575860903347,train
0.9671644977391363,0.03395027664644501,0.0027082831211068734,train
0.4323191513215801,1.3131059471759352,1.9448406020391182,train
0.043781102683424035,21.840904835834802,32.28569416463512,train
0.6372859973546383,0.5691542010196056,0.0053922470849230375,train
0.18246752307745995,4.480427328294945,2.6800068656237506,train
0.0864279362818464,10.57033296200598,16.624006629265423,train
0.35998473652969504,1.7778955564620458,1.0754797478596494,train
0.5747464395041606,0.7398976857737642,0.49643327556271233,train
0.5260899936862995,0.900815472640004,0.003472501286772206,train
0.2477555153544949,3.0362370886846843,4.862179633108539,train
0.05615760248067269,16.807028003806998,23.696096508120394,train
0.919729914096946,0.08727571504713816,0.01610290893366126,train
0.8880552457726877,0.1260560700026161,0.009764188224322868,train
0.027987660049949015,34.730032386248794,51.9976577415386,train
0.7391471838551223,0.35291051882842117,0.0027723585197789477,train
0.10135319972887469,8.866486728342613,13.621640969090155,train
0.5737258204091135,0.7429928450612842,1.8876727503780542,train
0.2893565726990707,2.4559436154228806,1.6838371886443633,train
0.7271201532687752,0.37528852075477626,0.052212704356339,train
0.7851271557390008,0.27367903745317546,0.011792313275654191,train
0.4274599662813237,1.3394003623297701,0.7114965586810925,val
0.16772184153460648,4.962252684863751,0.006228678537248873,val
0.2190150225180037,3.565896843527238,0.002397747234249427,val
0.06346331420216512,14.757134851395513,28.13859185056906,val
0.13984200641369057,6.150927147324595,3.4393831233308223,val
0.15545027589981145,5.432925218122517,4.33835237944355,val
0.08349337403752499,10.976998313070489,14.002858616391022,val
0.8639434367022697,0.15748318410412065,0.0022560041484886687,val
0.6927861133816537,0.4434469465889872,0.023589101030978485,val
0.8396452284336675,0.1909791970895487,1.1570109982584647,val
0.1910498767565184,4.234235252998566,3.8840214908494324,val
0.9447771462730252,0.058450666323607514,0.011424984578121277,val
0.3916132249088757,1.5535399123272446,1.627118614187556,val
0.42655436205248587,1.344367070092121,0.10864740281866975,val
0.9365675706548617,0.06772862026472404,0.00137297435718554,val
0.6440798595961971,0.5526024996759649,0.0029394566723896383,val
0.7983508540895157,0.2525821133371948,0.00494387495637562,val
0.11200471045107527,7.928195930088222,9.340070730922758,val
0.10765001347304061,8.2893625159688,16.843351620263157,val
0.8491164148256074,0.17769481609348148,0.0024602296137248287,val
0.3007203847590051,2.32534823271589,4.475597707346514,val
0.64863370364097,0.5417021878245127,1.9418704825739856,val
0.7928286748524214,0.26130654921902496,0.06971309579105121,val
0.26446132676333933,2.7812712060348925,0.0035240562753667175,val
0.811608498914037,0.2321211536572596,0.0021874695569959095,val
0.6064216297132493,0.649017698252051,2.0486069850231643,val
0.7105204672267504,0.4074189923101359,0.09153393451102405,val
0.3534091704328667,1.8295813568594403,3.2504881366893446,val
0.5639859458927918,0.7730938284587858,1.7892942328841153,val
0.13132948625383653,6.614436243717407,0.2224914643279585,val
0.06699223875400297,13.92710228228113,0.21746827834938334,val
0.5555735059088801,0.7999418427343268,0.20841668318890733,val
0.4326947308219415,1.3110981686798278,0.03564967291081717,val
0.9812084711541557,0.019151413179036902,0.00028374800223427755,val
0.9015816960735126,0.10916182566162336,0.01786887119714628,val
0.9761257482407117,0.024458172322897154,0.000157163935706994,val
0.7360386215419848,0.35862435846779595,0.21163366576137482,val
0.4121882921025843,1.4260757017113983,0.18927707528257381,val
0.1280837484524637,6.807391742373426,14.52045545774934,val
0.8494222117601361,0.17727083911291075,0.04958681570106113,val
0.9863122154711261,0.013877740044348608,0.0012113662570113158,val
0.7492401705958163,0.3346855110621907,0.01654002740743517,val
0.9225552817721833,0.08394588352369436,0.02318455125658501,val
0.772315388585352,0.294807813983478,0.020750779915178975,val
0.9039435871956552,0.10626372504322412,0.04127370742541093,val
0.09947973931199545,9.052298155544303,13.621848268283513,val
0.7587443948909773,0.31796690260056315,1.4710513691476186,val
0.9159035786980155,0.09181798527474916,0.0032139699179780422,val
0.1425263985374619,6.016244080124974,0.6042965029186185,val
0.6920979591275365,0.444882168501995,1.4837842175916336,val
0.14665390235798328,5.818775251946535,12.500493028391276,val
0.8794450943040153,0.13708065060206032,0.014143942896931964,val
0.4702463750492098,1.1265448349184046,0.009727532072220758,val
0.120459578956329,7.30153989134012,15.053956838132049,val
0.409836336311505,1.4399983881368885,0.6018308824921157,val
0.36134272113714405,1.7674557739893144,0.6781854929609312,val
0.47921135984774393,1.086761883770289,0.060367793779673155,val
0.9082489794640686,0.10101967919641486,0.006416603385295324,val
0.07111301599294372,13.062123312267142,1.0077824053104996,val
0.44024013847741594,1.2714875646244588,0.11049610009848383,val
0.6011935917614268,0.6633577165553561,0.012933841025367893,val
0.19454817766681695,4.140114967885226,1.906679758072662,val
0.9706837665832135,0.030201631495269554,0.004777243102961195,val
0.38638651199877677,1.5880820601811427,2.68564984367868,val
0.6792854474933947,0.47213517335026367,0.003182651540972746,val
0.2789887393480952,2.5843740587404014,0.4398985503339417,val
0.8808221581824895,0.13530295611934307,0.029912833167228425,val
0.3448037691803013,1.9002003150293003,2.845115964338235,val
0.7254258185010175,0.37850070192752217,0.0026688577438949445,val
0.23167019707734035,3.316480982947331,2.28474396181294,val
0.1484510018828705,5.736229377481811,9.87573806413141,val
0.987195504670056,0.012970577022859864,0.0053772359049276686,val
0.46904616625774564,1.1319862988721026,2.861282312066841,val
0.26218166745400656,2.814149210777393,2.3809322709168397,val
0.31795437427224144,2.1451053387420043,3.2520394146044613,val
0.9836458557221556,0.016626049083323657,6.291023672899598e-05,val
0.8020358954704273,0.24682698822782556,0.04527633827092228,val
0.44536335518416476,1.2453576127440575,0.21369332320086168,val
0.07442733577967323,12.435923636448491,24.01676252834632,val
0.7450409872375364,0.34220803570525815,0.24244432978054667,val
0.6481192267959116,0.5429259905521879,0.00152122506202758,val
0.9579243048728244,0.04392382040328502,0.0011500664578186154,val
0.09288666771750753,9.765807672649636,2.110983230794596,val
0.4166773639651154,1.3999383851428053,0.0785921321566912,val
0.5005464439898714,0.9978166102409374,0.042612622710181854,val
0.33391286203711523,1.994793293972748,2.575489839331291,val
0.12955576101460417,6.718684157065583,14.424734346833654,val
0.08026612561409728,11.458555740036468,14.330190737910252,val
0.21398597948180956,3.673203367910409,0.3599636029280594,val
0.5006960123007056,0.9972198208749161,0.0012462054429465538,val
0.18765802947658788,4.328842058020009,0.0021528502751670207,val
0.6524324519296435,0.5327257205590952,0.033051693359093616,val
0.6464774593628481,0.5468443416195437,1.145198329187426,val
0.46092658415424304,1.169542904180513,2.047509058895596,val
0.6284402689970645,0.5912411239908484,0.014612999130709582,val
0.21200554739515112,3.7168577062567545,3.560560063586471,val
0.4033167410284734,1.479440842078514,3.197454379243424,val
0.06730299024862217,13.85818083722472,0.06603255755615617,val
0.1686083179670725,4.93090549776607,10.680292819990155,val
0.36280277747054335,1.7563184796213198,3.9293803428116463,val
0.8023888807885564,0.24627848658276408,0.0054497922085537664,val
0.7261095688299587,0.37720261917410625,0.0013692470306923994,val
0.8657227148999135,0.1551042646670191,1.2440831329096909,val
0.08058273559061761,11.409606011395221,15.12094029028468,val
0.22000953411333907,3.545257568178136,8.04860291288618,val
0.10649921202472058,8.389740834588336,17.2222550857505,val
0.7439225350994082,0.3442259816290858,0.11973174158290054,val
0.7500815340069696,0.33318839974363135,0.007270648712477138,val
0.9767940088106992,0.02375730295229328,0.00035567469423248644,val
0.5085178092981654,0.9664994651419532,0.009139965065516684,val
0.46278728706920164,1.1608199445860485,1.803775484723605,val
0.478827841545352,1.0884332806810804,0.5460136690730399,val
0.9946211292835718,0.005407959431047438,0.0006900846345120686,val
0.041643804531940214,23.013175819058848,19.064064913307128,val
0.7670912296181078,0.3036259070486891,0.007687321648436732,val
0.32078831333311664,2.1173205457817557,3.7281246119562064,val
0.1397383802543947,6.1562300792344455,2.3259124460772105,val
0.5478062741610065,0.8254628454768094,0.04206883616734602,val
0.7476718236471133,0.3374852018925094,1.2353659068327452,val
0.2511166921826547,2.9822123782700602,3.1526279944946762,val
0.9175696488474995,0.08983552502639558,1.090131692230341,val
0.9367293450768533,0.06754422209112665,0.04232502076594741,val
0.42378748678079864,1.3596732588691172,2.192212844979332,val
0.38130608953729483,1.6225649876546018,2.6862603406531025,val
0.5783796334414084,0.7289682108097655,0.27635214333666347,val
0.05714752867187632,16.49856946118694,33.890412810256194,val
0.5425997172436351,0.8429792132585754,2.5326184830601903,val
0.9315801603880143,0.07344492993870544,0.020673534438600413,val
0.9277770657522161,0.0778451385724086,0.0006186060231756078,val
0.09122085229907079,9.962405796445145,19.683889590815514,val
0.11012007180016842,8.08099662171189,12.371383431472244,val
0.36032672318186015,1.7752590514783742,2.2252053387192507,val
0.04444664878307802,21.49888410891229,40.10177118455341,val
0.6814269075452946,0.4675088243907213,1.5477243076743055,val
0.1915893527722464,4.219496728446904,0.010946641966953745,val
0.7142692494045715,0.4000322719109344,1.5437354009948305,val
0.8725059779380424,0.14612395248369414,0.07133711656469578,val
0.318988534086076,2.134908917228227,3.787511880324877,val
0.5999039845330848,0.666933418984234,2.260650112485597,val
0.45370675323090676,1.2040668182231489,0.008653364014755882,val
0.7536048045025385,0.32695544670805177,0.0007332076311378592,val
0.0462280926775489,20.631868028283574,7.523681760179748,val
0.8500424875549032,0.17641178487023712,0.0015312773613960758,val
0.6457744503224212,0.5485282818183992,0.0023363693110034145,val
0.9809727049735015,0.019396355199314597,0.010888254749600049,val
0.05311469046173773,17.82718305061706,20.607868415799828,val
0.9938175191492132,0.006220941703743987,4.617354752480567e-05,val
0.15848349294549233,5.3098054025344625,4.011392020635835,val
0.6809842222700545,0.4684628032445588,0.002268009895966288,val
0.2753401287948414,2.631871621390538,1.2737238455300022,val
0.45921182210336,1.177644284982974,2.5718812933194166,val
0.9528702323304736,0.04946084584283761,0.03211846071734288,val
0.08369457346347452,10.948205942365117,22.105534055469388,val
0.07292473782687559,12.71276784530943,14.922132147397418,val
0.8600807446070723,0.16268153457713996,0.006202769863718147,val
0.5860709302051554,0.7062781115076766,0.1576320468209516,val
0.772315388585352,0.294807813983478,0.20124039413243813,val
0.7319776640701616,0.3661619050498075,0.003225044557138048,val
0.089209730186932,10.209539563728958,5.563928743205001,val
0.7184517469366665,0.3918819242402827,0.0896332523612965,val
0.47777525606225385,1.0930343028683356,1.5687972849466507,val
0.0803813812792797,11.440691912540883,3.2222169431982577,val
0.4817960907445079,1.0755668616047176,0.12478867445608641,val
0.8513703643570427,0.17457694308540184,1.1650925525592077,val
0.43002417324772235,1.3254506658255556,3.0641463223953327,val
0.5344165360456012,0.8711995841286448,2.3551569949742452,val
0.21689243013882367,3.610580458524727,7.916372215126115,val
0.823573349515911,0.21422093197623626,0.01784570471307555,val
0.6004859148574733,0.6653179954060244,1.61945376609994,val
0.05102880459304166,18.596774958282307,17.63988423549846,val
0.23484407965837564,3.258144388628769,7.23012425168547,val
0.4513120261159994,1.215761916663335,2.277785709712751,val
0.9813933114762453,0.018959461315021464,0.0006111773668383424,val
0.25220582865208163,2.965015421509158,0.014581024552271409,val
0.3323014636143112,2.0093156651294786,0.0052041516107570705,val
0.6193858923860608,0.6145023842046178,0.2975356847286816,val
0.9889735982954123,0.011149338792858288,0.0006240446758172778,val
0.5840306703175823,0.7122388443336773,2.367255416537791,val
0.03736026249360052,25.766407226696842,32.110066227287575,val
0.17005490135839835,4.880453853502612,0.003212661078838433,val
0.05023626806489091,18.90593725450078,38.8008206772933,val
0.9454881090712127,0.05765476097032707,0.00022137743476855217,val
0.16512339050372643,5.0560771974787695,10.373071289257627,val
0.15839141452283556,5.313473511254162,10.480948889234634,val
0.07487986587957367,12.35472477485818,7.934545585005562,val
0.6465173444522669,0.5467489133600978,0.031065906864220616,val
0.9158603029969459,0.09186957522640293,0.0032327274556633694,val
0.9291988573728881,0.07619589936570415,0.004297537218161526,val
0.6048752375893087,0.6532334899101433,0.010659020780656947,val
0.10681568112065772,8.361921297589367,17.080267507869557,val
0.7960703708184765,0.25617035460301585,0.05582512080421156,val
0.5593999852260951,0.7876296503580091,0.0018719197610579969,val
0.8342679858842662,0.1986556081737565,0.014879347774337843,val
0.07844713349826864,11.747438375451544,24.246152671334492,val
0.6065973012278995,0.6485401401815645,1.5256802937341685,val
0.8732000446123414,0.14521295111013388,0.11631001698724594,val
0.48747129791389987,1.0514028298269698,0.004098917243674457,val
0.8746706743144568,0.14328744448163078,0.0011923832295592577,val
0.15289180862286947,5.5405727684643304,9.725501364786707,val
0.7472047379941134,0.338321278160683,1.4264885986065177,val
0.3181479311847883,2.143191899051435,4.887858705472452,val
0.04400145668622218,21.726520331612612,0.779974812949293,val
0.645250995556453,0.5497845131375856,1.439294359093256,val
0.8262684838401787,0.21026036882392507,0.01848768489645541,val
0.32705899776697717,2.0575523279517887,0.007514223103359192,val
0.28121207608342014,2.5560350534283423,5.648706655770305,val
0.06131128961428002,15.310209853538783,11.386685020759604,val
0.5256687815460371,0.9023385734623881,1.35662890601631,val
0.7529383019313114,0.3281300704652257,0.2512055042846859,val
0.9554961756733805,0.046576663998948664,0.005854140770293666,val
0.13892925315095397,6.197908124600995,13.131528247426962,val
0.6319902860534,0.5823028012736022,0.016854070763007153,val
0.9320372921881533,0.07291844262185032,0.004929677577879718,val
0.5899344272902144,0.6951036483721882,2.121430643751477,val
0.9678567753714422,0.03321072440312456,0.002757648327361845,test
0.8725223275568154,0.14610247602504334,0.08376562195737428,test
0.6693223251081941,0.4940484763276838,1.177613399254731,test
0.8356334906303555,0.19669689069744623,0.0021922736865122652,test
0.5759421029963234,0.7362856349579701,0.2112132967300394,test
0.6522347916837994,0.5331902142454181,0.3645928364976931,test
0.5876442912296579,0.7017097161064549,1.466019773144902,test
0.5988724985337359,0.6698045117255749,0.003287224574662211,test
0.7253740049907541,0.37859916831834406,1.2611738249744096,test
0.9516139055853696,0.05084635074228605,0.004086101362704316,test
0.5998145098595251,0.6671820763959131,0.09797966903630054,test
0.20719323634659578,3.82641237538848,0.011084474244924697,test
0.2716443904217607,2.681283454620135,2.0995593620835313,test
0.3867919043045636,1.5853695200729705,1.5353861052821673,test
0.8446989708932346,0.18385369753977665,0.0016995092844238153,test
0.5498598491005507,0.8186452450306729,0.005972494197109233,test
0.6664422509696507,0.5005051053486393,1.3492985318226196,test
0.3287895399339299,2.0414592879108913,0.6102591098822863,test
0.11208066206547358,7.922145725868708,3.1539946727483277,test
0.8692325964653868,0.1504400595034754,0.01045381354604109,test
0.21788354731840476,3.589607670278321,2.173572923617117,test
0.24263122841873597,3.1214810085130003,1.9947061639002879,test
0.4334345435701543,1.307153444123549,0.43444505540824735,test
0.09014130048139203,10.093693952268096,3.35847870543955,test
0.7711565344552265,0.2967535841558251,0.015957800783891987,test
0.85433180515858,0.17050541014843912,0.0016833393099767646,test
0.64235801730801,0.5567642545986953,0.3283819359664724,test
0.3293472987025853,2.0363084924010346,0.2925978435419396,test
0.8130742044384358,0.22990004422864185,0.03185178688948804,test
0.5126343681895367,0.9507080719766907,0.07874871837521735,test
0.1472077251212964,5.7931217548265135,2.737441928158086,test
0.29958831831928584,2.337913859959824,0.010486751543809627,test
0.17904507648421047,4.585185695336267,0.02360030197277139,test
0.4037675970182452,1.4766722426089398,1.4474415029606769,test
0.4238220697311799,1.3594807147118972,1.537043197597967,test
0.5907812222623029,0.6926739752672888,1.3958164972810914,test
0.6275889050754094,0.5933997429094808,1.247985311737463,test
0.6070020536314866,0.6474408842891723,0.15019391856266123,test
0.9525496707649201,0.04981402092866838,0.020510136553821907,test
0.1972978179460378,4.068479775450464,0.06655636510717326,test
0.8094360012535086,0.23542812334932006,0.13786942650363285,test
0.9608747321433985,0.04071838559988539,0.0006317499465210675,test
0.931602024853626,0.07341973645572608,1.0563399633128914,test
0.22550783768239585,3.434435673177777,2.4874021369985844,test
0.3081376303217997,2.2453030775749863,0.323999081792937,test
0.476994266883491,1.0964612563032263,0.0402131926236901,test
0.2884100438367975,2.4672856281172706,1.7897830544945121,test
0.8159826721734875,0.22551622001525562,0.037844719018416406,test
0.11868998847659078,7.425310448127897,3.0621830060495037,test
0.7215762842614897,0.38585485943938425,1.0470318148990667,test
0.17052396718973764,4.864278297532954,2.616495276886802,test
0.08856734518804205,10.290843119174983,3.2366614174841066,test
0.7728961701449707,0.2938348495276304,0.16896703292752807,test
0.47802719235125457,1.0919312039161144,1.1374943274133076,test
0.8708844221847046,0.1482579944321376,1.0504576932398113,test
0.9401825412090261,0.06362323928505598,0.0005859758213206459,test
0.9659052122436382,0.03529827494891058,1.0281424972861175,test
0.6789424616638322,0.472878861559751,0.06810478103991724,test
0.89006835362516,0.12350921805847759,0.0011214117428548105,test
0.5738833266469626,0.7425144686511738,0.043721448157149775,test
0.08242723150942666,11.131912981763032,3.419578568835438,test
0.7594609157927615,0.3167234537094674,0.0011204227516292359,test
0.7322774756158011,0.36560256637562194,0.032113431305969505,test
0.3185492329881184,2.1392321702350454,0.009280268619952606,test
0.9235660485406259,0.08275959427065493,0.0005904486219735766,test
0.25062927773315624,2.9899568360273334,2.3281157360656874,test
0.6339505317101402,0.5774101447669862,1.3832117166835594,test
0.2923718983130312,2.42030135512319,1.4313576724117894,test
0.050765901075025516,18.69826160520874,0.09003670673638894,test
0.8172123104562555,0.2236722173723653,1.1461628629844305,test
0.9031592068600071,0.10722449863150607,0.0002834878966691135,test
0.9123909662083971,0.0960213735518205,0.003002644565008317,test
0.35102176538698604,1.8488261942889612,0.3792667704914908,test
0.13080797817063347,6.644793643209914,2.927080075545893,test
0.4544213389228587,1.2006008836872804,0.02253307183217578,test
0.2176469559187549,3.59459676694623,0.6813138637316253,test
0.23432003533647422,3.267667502542153,0.5128017650508057,test
0.5026147145844558,0.9895955509913092,0.24904504457971194,test
0.7561603237593886,0.3224708683845221,1.1788210332156863,test
0.8465314088036596,0.18129107744888784,0.0017543857835657837,test
0.7750252788695867,0.2902804944098729,0.2030779358146545,test
0.11484073765038985,7.707711396319173,2.8594517497409995,test
0.2772203773281228,2.607238434771997,0.04030831449539861,test
0.15437069830916247,5.4779133018966615,2.4052705652586956,test
0.12643622697015697,6.909125603977665,0.038437633708284166,test
0.8358608727670673,0.1963713490853567,0.0016368185477000261,test
0.30564202201513957,2.271801414631612,0.07942885390298804,test
0.7524574210629171,0.3289788525009236,0.005067028103461019,test
0.8145961881080996,0.22760211083543225,0.034061923697551046,test
0.15791293574137236,5.332603439390085,2.580159757268021,test
0.9297159694295063,0.0755973145364186,0.030341680587383263,test
0.697991798138836,0.4326815911969959,0.009162621845822661,test
0.31704209779185905,2.154155258764749,2.0243969410971987,test
0.4909748999768107,1.0367639976040142,0.09008001819222332,test
0.7873483488997282,0.27008585386308326,1.1504414058071226,test
0.521425172851581,0.9178207191861854,0.20748530097648318,test
0.2573985951886173,2.8850250882962944,0.11761780548086453,test
0.9164311181908512,0.09118948511277547,0.0160634822577179,test
0.5696552548074821,0.7554476879844723,1.337471094756427,test
0.07035529235607876,13.213571808341708,1.5402407291146951,test
0.0489412857876305,19.43264666848499,1.588740727372219,test
0.310156270117179,2.2241811510764995,0.009136218737649648,test
0.11199095763175695,7.929292338834621,3.0687755233707183,test
0.3140435984855409,2.1842712439369834,2.1554683268513686,test
0.11124370512533867,7.989272686245901,3.0580703757552565,test
0.888693082375314,0.12524787222061295,0.038056211752303545,test
0.06835787926985076,13.62889151450095,3.5455253457095357,test
0.8444025530668998,0.18426927579501595,0.12516673313556534,test
0.1819199005945549,4.496924727485979,2.7029543340824085,test
0.2838958271486012,2.5224188042628906,1.8447998978153108,test
0.10981960317447889,8.105842409676372,1.4180550754304282,test
0.19130460448105507,4.227265714344215,0.2284374461425917,test
0.8932091556072896,0.11955860922641759,0.008488498685446245,test
0.6237080655171918,0.6033142030491123,0.15127274928616907,test
0.20567739382823108,3.8619830375482955,2.12438785411783,test
0.21382034868465208,3.676823352649315,2.4250755614468296,test
0.12475124776124252,7.015951887822945,3.0586578351837796,test
0.717032042198455,0.3946378141400091,0.022437766385555058,test
0.22955233221461688,3.3563051194141797,2.08311024234152,test
0.7427885034743895,0.3462782411446932,0.002841179243324991,test
0.9330205461850641,0.07178775868205856,0.028065158293116396,test
0.5086897857456548,0.9658346363966517,1.5874314083414975,test
0.9369596613930645,0.06728180646881587,0.011238395042056842,test
0.04614093082262103,20.672731394264382,4.046413872563329,test
0.36677671116729965,1.7264544600375817,0.08591516536856432,test
0.876231385240693,0.1412510631827104,0.0011465398505884814,test
0.35461169326443404,1.8199859705537116,1.7996364590604734,test
0.12911356715989833,6.745119447916486,2.871372979738042,test
0.3258344953395914,2.0690427634366317,1.4178953995005024,test
0.8586983207002283,0.1645533430000734,1.1309216400552746,test
0.2883842336473598,2.467595947782685,1.835267092473836,test
0.34193233026492237,1.924555274504812,0.014845000900925618,test
0.7687722237388122,0.3007754041068824,0.003525391675935906,test
0.04105794681935977,23.355820918168195,2.763150143232187,test
0.5495328424762005,0.8197274534020387,1.2133595504895511,test
0.028770033436991596,33.75838852221255,4.513179976219332,test
0.36734458067755327,1.7222396970047513,0.009567233180633884,test
0.04575384559229414,20.856086347601348,3.9380877820161078,test
0.676147578909673,0.4789670645756916,0.0012550458664239645,test
0.14648094570350625,5.826826487208182,2.311304918797373,test
0.12298828041904956,7.130856018091874,2.6409058757089325,test
0.943868234839516,0.0594699165504049,1.0263149297248222,test
0.41889684591037957,1.3872225579228732,0.03669538036822778,test
0.9317976957077867,0.07319432598554276,0.002020165522623372,test
0.8058607932534021,0.2409091103226697,0.001642512186866112,test
0.3082502261423076,2.244117652450115,0.021676745494297343,test
0.8107135428545864,0.23348130645372112,0.09636214670780656,test
0.22463562160712613,3.4516537174542083,0.02084852059518176,test
0.1955742034724821,4.113148780589067,0.06521162649626232,test
0.8604051479245881,0.16224316231967384,1.1411604934645723,test
0.41618460235311083,1.4027799066712046,0.05721093488785436,test
0.7816732517494137,0.2793069198184317,0.046533649715347035,test
0.13277272450996752,6.531667393967862,1.3433932461426454,test
0.5237159778653592,0.909431910166177,0.052869765232651474,test
0.16900483301253097,4.916990550949833,1.8200319578222568,test
0.053358753497756914,17.741067480934273,3.9297940693301374,test
0.9286845331614804,0.07679191834469723,0.006417119606347945,test
0.04485476709258906,21.294174394792936,3.4111566064971703,test
0.9437234270442643,0.059632484839327926,0.0006346213813068789,test
0.14647800962897084,5.826963327348606,2.86968674612031,test
0.4538099365085722,1.2035656770620546,1.7359169238947205,test
0.9070037499098755,0.10253127409822183,0.0014442746443875424,test
0.6610828351886707,0.5126697393596726,0.0009856054672007619,test
0.2158929124903604,3.631926025105849,2.4702233000993026,test
0.8896770628989787,0.12400335099293014,0.0007134844756464408,test
0.9370496730196627,0.0671792849331867,0.020303086557527102,test
0.35672691926663486,1.8032647551685104,0.6184812214629933,test
0.37182299775331,1.6894517177322657,1.4961735201748305,test
0.6858590786357293,0.4580254620076496,0.009825567031537261,test
0.6929147838043532,0.44317890651666825,1.2462639623315923,test
0.5552721128718939,0.8009188230756847,0.006682714410983613,test
0.9886718678885132,0.01145792904543752,0.0008630368057155323,test
0.2561598866765759,2.903811845695367,2.2622383649346665,test
0.11297241926042587,7.851718025926168,3.1765690368126442,test
0.3945607274516073,1.5344641025446446,0.44786799901848595,test
0.3515998065761926,1.844142634029855,1.0782232603414081,test
0.399161208997892,1.5052534601509366,0.006982415365713335,test
0.14434533007639325,5.927830636922999,2.9329812310929264,test
0.30895010147174223,2.23676864074914,0.029215377660135503,test
0.6979863199388197,0.4326928357100934,0.0009681243335891673,test
0.1099402315442489,8.09585131806384,3.158009413093851,test
0.37292990150734423,1.6814690802697854,0.07382579769187636,test
0.5383552720084992,0.8575094403166033,0.19385300628047386,test
0.4047670421609846,1.4705568780036158,1.75260018129519,test
0.4037675970182452,1.4766722426089398,1.680531456660657,test
0.11835200540733135,7.449370980730798,3.0824010468812566,test
0.15003666853152617,5.665037352451457,2.4484337752081724,test
0.8664379864645471,0.1541506900920231,1.0833477373660307,test
0.9447622672443351,0.058467335827013134,0.012551306368044341,test
0.24863354173964217,3.021983490253117,0.022580846930827198,test
0.6093822986915364,0.6410059861390733,0.010199265656174761,test
0.3985896223468569,1.5088460510138155,1.644695081359879,test
0.6526845540414722,0.5321336989023631,1.3159689485040054,test
0.566641596819914,0.7647839579941973,1.4061588268033154,test
0.09589218694953165,9.428378284106742,2.7355472603725604,test
0.27412543705973935,2.6479649999867503,2.110360995934792,test
0.08358363652040772,10.96406427896734,2.8188786264656365,test
0.08648100012654071,10.563233525708306,1.022577532021265,test
0.8995628794621394,0.11165102832824014,0.01357047160696916,test
0.40908841734467094,1.4444593334879627,0.003096741508313499,test
0.31362225175349717,2.1885492639915944,1.8113979963162652,test
0.5655269374129336,0.7682623653165173,0.48070920691521796,test
0.5383552720084992,0.8575094403166033,0.028259468529045612,test
0.39796295914051233,1.5127966737399827,0.03211913201284154,test
0.9334955076307643,0.07124243429732813,0.022418639830271158,test
0.22122472396558376,3.5202904181522294,0.18991987460963447,test
0.914464464530028,0.09353620483649006,0.0003386323950277996,test
0.7195976812130696,0.3896654006920077,1.271743559446258,test
0.19184080340760368,4.212655400922724,0.7996444899581084,test
0.4743687448673447,1.1080646876927904,1.7411131304761707,test
0.3700438839850536,1.702382185677175,1.8397134339887689,test
0.6459333585504257,0.5481473231915976,1.2654612583055547,test
0.9254989190291538,0.08049829063981795,0.0003004289859405944,test
0.6186181093997204,0.6165061850037914,0.15230093017477805,test
